"Date","Hour","PitID","LUType","Month","Year","VW_Avg.1.","VW_Avg.2.","VW_Avg.3.","VW_Avg.4.","VW_Avg.5.","VW_Avg.6.","VW_Avg.7.","VW_Avg.8.","VW_Avg.9.","VW_Avg.10.","VW_Avg.11.","VW_Avg.12.","filename","DateLong"
"2013-12-13",0,"C2","Forest","Dec",2013,0.214,0.253,0.139,0.295,0.247,0.279,0.296,0.3,0.305,0.298,0.319,0.343,"CR10X_C2_ 20131219.dat",2013-12-13 03:00:00
"2013-12-13",18,"C2","Forest","Dec",2013,0.216,0.253,0.14,0.295,0.247,0.279,0.295,0.3,0.305,0.298,0.319,0.343,"CR10X_C2_ 20131219.dat",2013-12-13 03:00:00
"2013-12-14",0,"C2","Forest","Dec",2013,0.226,0.249,0.138,0.293,0.247,0.278,0.296,0.3,0.305,0.298,0.319,0.343,"CR10X_C2_ 20131219.dat",2013-12-14 03:00:00
"2013-12-14",6,"C2","Forest","Dec",2013,0.216,0.253,0.139,0.294,0.247,0.278,0.296,0.3,0.305,0.298,0.319,0.343,"CR10X_C2_ 20131219.dat",2013-12-14 03:00:00
"2013-12-14",12,"C2","Forest","Dec",2013,0.215,0.252,0.139,0.294,0.247,0.278,0.296,0.3,0.305,0.298,0.319,0.343,"CR10X_C2_ 20131219.dat",2013-12-14 03:00:00
"2013-12-14",18,"C2","Forest","Dec",2013,0.211,0.25,0.138,0.293,0.247,0.278,0.296,0.3,0.305,0.298,0.319,0.343,"CR10X_C2_ 20131219.dat",2013-12-14 03:00:00
"2013-12-15",0,"C2","Forest","Dec",2013,0.274,0.317,0.184,0.293,0.246,0.278,0.297,0.3,0.305,0.298,0.319,0.343,"CR10X_C2_ 20131219.dat",2013-12-15 03:00:00
"2013-12-15",6,"C2","Forest","Dec",2013,0.23,0.249,0.138,0.293,0.247,0.278,0.296,0.3,0.305,0.298,0.319,0.343,"CR10X_C2_ 20131219.dat",2013-12-15 03:00:00
"2013-12-15",12,"C2","Forest","Dec",2013,0.308,0.336,0.153,0.293,0.247,0.278,0.297,0.3,0.305,0.298,0.319,0.343,"CR10X_C2_ 20131219.dat",2013-12-15 03:00:00
"2013-12-15",18,"C2","Forest","Dec",2013,0.284,0.325,0.188,0.293,0.246,0.278,0.297,0.3,0.305,0.298,0.319,0.343,"CR10X_C2_ 20131219.dat",2013-12-15 03:00:00
"2013-12-16",0,"C2","Forest","Dec",2013,0.292,0.33,0.198,0.334,0.246,0.278,0.298,0.3,0.305,0.298,0.319,0.343,"CR10X_C2_ 20131219.dat",2013-12-16 03:00:00
"2013-12-16",6,"C2","Forest","Dec",2013,0.311,0.338,0.201,0.299,0.246,0.278,0.297,0.3,0.305,0.298,0.319,0.343,"CR10X_C2_ 20131219.dat",2013-12-16 03:00:00
"2013-12-16",12,"C2","Forest","Dec",2013,0.286,0.323,0.191,0.327,0.246,0.278,0.297,0.3,0.305,0.298,0.319,0.343,"CR10X_C2_ 20131219.dat",2013-12-16 03:00:00
"2013-12-16",18,"C2","Forest","Dec",2013,0.292,0.325,0.188,0.33,0.246,0.278,0.297,0.3,0.305,0.298,0.319,0.343,"CR10X_C2_ 20131219.dat",2013-12-16 03:00:00
"2013-12-17",0,"C2","Forest","Dec",2013,0.274,0.307,0.177,0.331,0.248,0.278,0.298,0.3,0.305,0.298,0.319,0.342,"CR10X_C2_ 20131219.dat",2013-12-17 03:00:00
"2013-12-17",6,"C2","Forest","Dec",2013,0.281,0.319,0.189,0.337,0.246,0.278,0.298,0.3,0.305,0.298,0.319,0.343,"CR10X_C2_ 20131219.dat",2013-12-17 03:00:00
"2013-12-17",12,"C2","Forest","Dec",2013,0.275,0.314,0.183,0.335,0.246,0.278,0.298,0.3,0.305,0.298,0.319,0.343,"CR10X_C2_ 20131219.dat",2013-12-17 03:00:00
"2013-12-17",18,"C2","Forest","Dec",2013,0.272,0.309,0.179,0.333,0.247,0.278,0.298,0.3,0.305,0.298,0.319,0.343,"CR10X_C2_ 20131219.dat",2013-12-17 03:00:00
"2013-12-18",0,"C2","Forest","Dec",2013,0.262,0.301,0.172,0.325,0.26,0.278,0.299,0.3,0.305,0.298,0.319,0.342,"CR10X_C2_ 20131219.dat",2013-12-18 03:00:00
"2013-12-18",6,"C2","Forest","Dec",2013,0.272,0.306,0.176,0.329,0.251,0.278,0.298,0.3,0.305,0.298,0.319,0.342,"CR10X_C2_ 20131219.dat",2013-12-18 03:00:00
"2013-12-18",12,"C2","Forest","Dec",2013,0.269,0.305,0.175,0.327,0.254,0.278,0.298,0.3,0.305,0.298,0.319,0.342,"CR10X_C2_ 20131219.dat",2013-12-18 03:00:00
"2013-12-18",18,"C2","Forest","Dec",2013,0.265,0.303,0.173,0.326,0.258,0.278,0.299,0.3,0.305,0.298,0.319,0.343,"CR10X_C2_ 20131219.dat",2013-12-18 03:00:00
"2013-12-19",0,"C2","Forest","Dec",2013,0.282,0.32,0.185,0.337,0.282,0.279,0.299,0.3,0.305,0.298,0.319,0.342,"CR10X_C2_ 20131219.dat",2013-12-19 03:00:00
"2013-12-19",6,"C2","Forest","Dec",2013,0.296,0.331,0.2,0.336,0.263,0.278,0.299,0.3,0.305,0.298,0.319,0.342,"CR10X_C2_ 20131219.dat",2013-12-19 03:00:00
"2013-12-19",12,"C2","Forest","Dec",2013,0.292,0.327,0.196,0.347,0.264,0.278,0.299,0.3,0.305,0.298,0.319,0.342,"CR10X_C2_ 20131219.dat",2013-12-19 03:00:00
"2013-12-19",18,"C2","Forest","Dec",2013,0.282,0.319,0.188,0.341,0.27,0.279,0.299,0.3,0.305,0.298,0.319,0.342,"CR10X_C2_ 20131219.dat",2013-12-19 03:00:00
"2013-12-20",6,"C2","Forest","Dec",2013,0.278,0.316,0.183,0.334,0.287,0.28,0.299,0.3,0.305,0.298,0.319,0.342,"CR10X_C2_ 20131219.dat",2013-12-20 03:00:00
"2013-12-20",12,"C2","Forest","Dec",2013,0.276,0.313,0.181,0.332,0.288,0.28,0.299,0.3,0.305,0.298,0.319,0.342,"CR10X_C2_ 20131219.dat",2013-12-20 03:00:00
"2014-2-22",0,"C2","Forest","Feb",2014,0.292,0.34,0.157,0.322,0.289,0.311,0.334,0.336,0.332,0.325,0.336,0.346,"CR10X_C2_ 20140227.dat",2014-02-22 03:00:00
"2014-2-22",12,"C2","Forest","Feb",2014,0.26,0.304,0.133,0.324,0.29,0.312,0.333,0.335,0.332,0.325,0.336,0.346,"CR10X_C2_ 20140227.dat",2014-02-22 03:00:00
"2014-2-22",18,"C2","Forest","Feb",2014,0.277,0.326,0.134,0.323,0.29,0.312,0.333,0.335,0.332,0.325,0.336,0.346,"CR10X_C2_ 20140227.dat",2014-02-22 03:00:00
"2014-2-23",0,"C2","Forest","Feb",2014,0.269,0.313,0.14,0.328,0.287,0.31,0.335,0.338,0.333,0.325,0.337,0.347,"CR10X_C2_ 20140227.dat",2014-02-23 03:00:00
"2014-2-23",6,"C2","Forest","Feb",2014,0.283,0.328,0.154,0.328,0.288,0.311,0.334,0.337,0.332,0.325,0.337,0.346,"CR10X_C2_ 20140227.dat",2014-02-23 03:00:00
"2014-2-23",12,"C2","Forest","Feb",2014,0.277,0.321,0.148,0.33,0.287,0.311,0.335,0.337,0.333,0.325,0.337,0.346,"CR10X_C2_ 20140227.dat",2014-02-23 03:00:00
"2014-2-23",18,"C2","Forest","Feb",2014,0.273,0.316,0.143,0.329,0.287,0.31,0.335,0.338,0.333,0.325,0.337,0.346,"CR10X_C2_ 20140227.dat",2014-02-23 03:00:00
"2014-2-24",0,"C2","Forest","Feb",2014,0.257,0.303,0.131,0.322,0.286,0.309,0.335,0.34,0.335,0.326,0.337,0.347,"CR10X_C2_ 20140227.dat",2014-02-24 03:00:00
"2014-2-24",6,"C2","Forest","Feb",2014,0.266,0.311,0.138,0.327,0.287,0.31,0.335,0.339,0.333,0.326,0.337,0.347,"CR10X_C2_ 20140227.dat",2014-02-24 03:00:00
"2014-2-24",12,"C2","Forest","Feb",2014,0.264,0.309,0.136,0.325,0.287,0.31,0.335,0.339,0.334,0.326,0.337,0.347,"CR10X_C2_ 20140227.dat",2014-02-24 03:00:00
"2014-2-24",18,"C2","Forest","Feb",2014,0.26,0.305,0.134,0.324,0.287,0.309,0.335,0.339,0.334,0.326,0.337,0.347,"CR10X_C2_ 20140227.dat",2014-02-24 03:00:00
"2014-2-25",0,"C2","Forest","Feb",2014,0.281,0.328,0.152,0.34,0.285,0.308,0.334,0.34,0.337,0.327,0.338,0.347,"CR10X_C2_ 20140227.dat",2014-02-25 03:00:00
"2014-2-25",6,"C2","Forest","Feb",2014,0.256,0.302,0.13,0.321,0.286,0.309,0.335,0.34,0.335,0.326,0.338,0.347,"CR10X_C2_ 20140227.dat",2014-02-25 03:00:00
"2014-2-25",12,"C2","Forest","Feb",2014,0.255,0.3,0.129,0.32,0.285,0.309,0.335,0.34,0.336,0.326,0.338,0.347,"CR10X_C2_ 20140227.dat",2014-02-25 03:00:00
"2014-2-25",18,"C2","Forest","Feb",2014,0.28,0.341,0.162,0.339,0.284,0.308,0.335,0.34,0.337,0.327,0.338,0.347,"CR10X_C2_ 20140227.dat",2014-02-25 03:00:00
"2014-2-26",0,"C2","Forest","Feb",2014,0.262,0.31,0.137,0.33,0.292,0.314,0.335,0.34,0.338,0.329,0.339,0.348,"CR10X_C2_ 20140227.dat",2014-02-26 03:00:00
"2014-2-26",6,"C2","Forest","Feb",2014,0.277,0.322,0.148,0.337,0.288,0.309,0.334,0.34,0.337,0.328,0.338,0.347,"CR10X_C2_ 20140227.dat",2014-02-26 03:00:00
"2014-2-26",12,"C2","Forest","Feb",2014,0.272,0.318,0.144,0.335,0.291,0.312,0.334,0.34,0.338,0.328,0.338,0.347,"CR10X_C2_ 20140227.dat",2014-02-26 03:00:00
"2014-2-26",18,"C2","Forest","Feb",2014,0.266,0.313,0.14,0.332,0.292,0.313,0.334,0.34,0.338,0.329,0.339,0.348,"CR10X_C2_ 20140227.dat",2014-02-26 03:00:00
"2014-2-27",0,"C2","Forest","Feb",2014,0.248,0.299,0.126,0.322,0.288,0.315,0.335,0.34,0.339,0.332,0.34,0.348,"CR10X_C2_ 20140227.dat",2014-02-27 03:00:00
"2014-2-27",6,"C2","Forest","Feb",2014,0.26,0.308,0.135,0.328,0.291,0.315,0.335,0.34,0.338,0.33,0.339,0.348,"CR10X_C2_ 20140227.dat",2014-02-27 03:00:00
"2014-2-27",12,"C2","Forest","Feb",2014,0.258,0.306,0.133,0.326,0.29,0.315,0.335,0.34,0.339,0.33,0.34,0.348,"CR10X_C2_ 20140227.dat",2014-02-27 03:00:00
"2014-2-27",18,"C2","Forest","Feb",2014,0.251,0.302,0.129,0.324,0.289,0.315,0.335,0.34,0.339,0.331,0.34,0.348,"CR10X_C2_ 20140227.dat",2014-02-27 03:00:00
"2014-2-28",6,"C2","Forest","Feb",2014,0.249,0.298,0.124,0.321,0.287,0.314,0.335,0.341,0.339,0.332,0.341,0.348,"CR10X_C2_ 20140227.dat",2014-02-28 03:00:00
"2014-2-28",12,"C2","Forest","Feb",2014,0.248,0.296,0.123,0.319,0.287,0.314,0.335,0.341,0.339,0.333,0.341,0.349,"CR10X_C2_ 20140227.dat",2014-02-28 03:00:00
"2015-1-10",0,"C2","Forest","Jan",2015,0.2235,0.2433,0.2503,0.2508,0.2473,0.246,NA,NA,NA,NA,NA,NA,"CR10X_C2_ 20150127.dat",2015-01-10 03:00:00
"2015-1-10",6,"C2","Forest","Jan",2015,0.2262,0.2508,0.2526,0.2512,0.2473,0.2462,NA,NA,NA,NA,NA,NA,"CR10X_C2_ 20150127.dat",2015-01-10 03:00:00
"2015-1-10",12,"C2","Forest","Jan",2015,0.2426,0.2487,0.2534,0.2518,0.2484,0.247,NA,NA,NA,NA,NA,NA,"CR10X_C2_ 20150127.dat",2015-01-10 03:00:00
"2015-1-10",18,"C2","Forest","Jan",2015,0.2321,0.2446,0.2511,0.2513,0.2477,0.2464,NA,NA,NA,NA,NA,NA,"CR10X_C2_ 20150127.dat",2015-01-10 03:00:00
"2015-1-11",0,"C2","Forest","Jan",2015,0.2379,0.2489,0.2478,0.2496,0.2467,0.2453,NA,NA,NA,NA,NA,NA,"CR10X_C2_ 20150127.dat",2015-01-11 03:00:00
"2015-1-11",6,"C2","Forest","Jan",2015,0.2133,0.2419,0.2504,0.2513,0.2478,0.2465,NA,NA,NA,NA,NA,NA,"CR10X_C2_ 20150127.dat",2015-01-11 03:00:00
"2015-1-11",12,"C2","Forest","Jan",2015,0.2365,0.2423,0.2528,0.2536,0.2511,0.2491,NA,NA,NA,NA,NA,NA,"CR10X_C2_ 20150127.dat",2015-01-11 03:00:00
"2015-1-11",18,"C2","Forest","Jan",2015,0.2682,0.2433,0.2477,0.2494,0.2463,0.2449,NA,NA,NA,NA,NA,NA,"CR10X_C2_ 20150127.dat",2015-01-11 03:00:00
"2015-1-12",0,"C2","Forest","Jan",2015,0.2266,0.2522,0.249,0.2492,0.247,0.2456,NA,NA,NA,NA,NA,NA,"CR10X_C2_ 20150127.dat",2015-01-12 03:00:00
"2015-1-12",6,"C2","Forest","Jan",2015,0.2272,0.2474,0.2486,0.2497,0.2471,0.2456,NA,NA,NA,NA,NA,NA,"CR10X_C2_ 20150127.dat",2015-01-12 03:00:00
"2015-1-12",12,"C2","Forest","Jan",2015,0.2522,0.2483,0.2523,0.2524,0.2508,0.2487,NA,NA,NA,NA,NA,NA,"CR10X_C2_ 20150127.dat",2015-01-12 03:00:00
"2015-1-12",18,"C2","Forest","Jan",2015,0.2584,0.2485,0.2468,0.2474,0.245,0.2436,NA,NA,NA,NA,NA,NA,"CR10X_C2_ 20150127.dat",2015-01-12 03:00:00
"2015-1-13",0,"C2","Forest","Jan",2015,0.245,0.252,0.2478,0.2479,0.2458,0.2444,NA,NA,NA,NA,NA,NA,"CR10X_C2_ 20150127.dat",2015-01-13 03:00:00
"2015-1-13",6,"C2","Forest","Jan",2015,0.2158,0.248,0.2502,0.2497,0.2477,0.2462,NA,NA,NA,NA,NA,NA,"CR10X_C2_ 20150127.dat",2015-01-13 03:00:00
"2015-1-13",12,"C2","Forest","Jan",2015,0.2416,0.247,0.2533,0.2523,0.2511,0.249,NA,NA,NA,NA,NA,NA,"CR10X_C2_ 20150127.dat",2015-01-13 03:00:00
"2015-1-13",18,"C2","Forest","Jan",2015,0.2684,0.2474,0.248,0.2479,0.2461,0.2444,NA,NA,NA,NA,NA,NA,"CR10X_C2_ 20150127.dat",2015-01-13 03:00:00
"2015-1-14",0,"C2","Forest","Jan",2015,0.2216,0.2527,0.2496,0.2486,0.2465,0.2451,NA,NA,NA,NA,NA,NA,"CR10X_C2_ 20150127.dat",2015-01-14 03:00:00
"2015-1-14",6,"C2","Forest","Jan",2015,0.231,0.2514,0.2496,0.249,0.2469,0.2454,NA,NA,NA,NA,NA,NA,"CR10X_C2_ 20150127.dat",2015-01-14 03:00:00
"2015-1-14",12,"C2","Forest","Jan",2015,0.2458,0.2519,0.2536,0.2521,0.2511,0.2489,NA,NA,NA,NA,NA,NA,"CR10X_C2_ 20150127.dat",2015-01-14 03:00:00
"2015-1-14",18,"C2","Forest","Jan",2015,0.2673,0.2495,0.2481,0.2472,0.2453,0.2437,NA,NA,NA,NA,NA,NA,"CR10X_C2_ 20150127.dat",2015-01-14 03:00:00
"2015-1-15",0,"C2","Forest","Jan",2015,0.2231,0.2503,0.2491,0.249,0.2469,0.2454,NA,NA,NA,NA,NA,NA,"CR10X_C2_ 20150127.dat",2015-01-15 03:00:00
"2015-1-15",6,"C2","Forest","Jan",2015,0.2136,0.2486,0.2509,0.2495,0.2475,0.2461,NA,NA,NA,NA,NA,NA,"CR10X_C2_ 20150127.dat",2015-01-15 03:00:00
"2015-1-15",12,"C2","Forest","Jan",2015,0.24,0.2473,0.2542,0.2525,0.2514,0.2492,NA,NA,NA,NA,NA,NA,"CR10X_C2_ 20150127.dat",2015-01-15 03:00:00
"2015-1-15",18,"C2","Forest","Jan",2015,0.2646,0.2471,0.2481,0.2474,0.2454,0.2439,NA,NA,NA,NA,NA,NA,"CR10X_C2_ 20150127.dat",2015-01-15 03:00:00
"2015-1-16",0,"C2","Forest","Jan",2015,0.236,0.2445,0.2468,0.248,0.2461,0.2445,NA,NA,NA,NA,NA,NA,"CR10X_C2_ 20150127.dat",2015-01-16 03:00:00
"2015-1-16",6,"C2","Forest","Jan",2015,0.2099,0.2444,0.2501,0.2498,0.2477,0.2462,NA,NA,NA,NA,NA,NA,"CR10X_C2_ 20150127.dat",2015-01-16 03:00:00
"2015-1-16",12,"C2","Forest","Jan",2015,0.2278,0.2421,0.2518,0.2513,0.25,0.2479,NA,NA,NA,NA,NA,NA,"CR10X_C2_ 20150127.dat",2015-01-16 03:00:00
"2015-1-16",18,"C2","Forest","Jan",2015,0.2552,0.2416,0.2486,0.2491,0.2474,0.2455,NA,NA,NA,NA,NA,NA,"CR10X_C2_ 20150127.dat",2015-01-16 03:00:00
"2015-1-17",0,"C2","Forest","Jan",2015,0.2287,0.2428,0.2464,0.2477,0.2462,0.2446,NA,NA,NA,NA,NA,NA,"CR10X_C2_ 20150127.dat",2015-01-17 03:00:00
"2015-1-17",6,"C2","Forest","Jan",2015,0.2227,0.2448,0.2477,0.2489,0.2471,0.2454,NA,NA,NA,NA,NA,NA,"CR10X_C2_ 20150127.dat",2015-01-17 03:00:00
"2015-1-17",12,"C2","Forest","Jan",2015,0.2352,0.2434,0.2488,0.2495,0.2482,0.2463,NA,NA,NA,NA,NA,NA,"CR10X_C2_ 20150127.dat",2015-01-17 03:00:00
"2015-1-17",18,"C2","Forest","Jan",2015,0.2428,0.2426,0.2475,0.2484,0.2472,0.2453,NA,NA,NA,NA,NA,NA,"CR10X_C2_ 20150127.dat",2015-01-17 03:00:00
"2015-1-18",0,"C2","Forest","Jan",2015,0.2309,0.2417,0.2451,0.247,0.2461,0.2445,NA,NA,NA,NA,NA,NA,"CR10X_C2_ 20150127.dat",2015-01-18 03:00:00
"2015-1-18",6,"C2","Forest","Jan",2015,0.2175,0.2423,0.2473,0.2486,0.2473,0.2456,NA,NA,NA,NA,NA,NA,"CR10X_C2_ 20150127.dat",2015-01-18 03:00:00
"2015-1-18",12,"C2","Forest","Jan",2015,0.2272,0.241,0.2485,0.2495,0.2488,0.2468,NA,NA,NA,NA,NA,NA,"CR10X_C2_ 20150127.dat",2015-01-18 03:00:00
"2015-1-18",18,"C2","Forest","Jan",2015,0.2494,0.2395,0.2461,0.2476,0.2468,0.2449,NA,NA,NA,NA,NA,NA,"CR10X_C2_ 20150127.dat",2015-01-18 03:00:00
"2015-1-19",0,"C2","Forest","Jan",2015,0.2267,0.2448,0.245,0.2466,0.246,0.2445,NA,NA,NA,NA,NA,NA,"CR10X_C2_ 20150127.dat",2015-01-19 03:00:00
"2015-1-19",6,"C2","Forest","Jan",2015,0.223,0.2417,0.246,0.2477,0.2469,0.2452,NA,NA,NA,NA,NA,NA,"CR10X_C2_ 20150127.dat",2015-01-19 03:00:00
"2015-1-19",12,"C2","Forest","Jan",2015,0.2439,0.2419,0.2478,0.2491,0.2489,0.2469,NA,NA,NA,NA,NA,NA,"CR10X_C2_ 20150127.dat",2015-01-19 03:00:00
"2015-1-19",18,"C2","Forest","Jan",2015,0.2498,0.2418,0.2439,0.2455,0.245,0.2435,NA,NA,NA,NA,NA,NA,"CR10X_C2_ 20150127.dat",2015-01-19 03:00:00
"2015-1-20",0,"C2","Forest","Jan",2015,0.2323,0.2452,0.2449,0.2461,0.2459,0.2444,NA,NA,NA,NA,NA,NA,"CR10X_C2_ 20150127.dat",2015-01-20 03:00:00
"2015-1-20",6,"C2","Forest","Jan",2015,0.2163,0.243,0.2463,0.2473,0.247,0.2454,NA,NA,NA,NA,NA,NA,"CR10X_C2_ 20150127.dat",2015-01-20 03:00:00
"2015-1-20",12,"C2","Forest","Jan",2015,0.245,0.2434,0.2498,0.2501,0.2508,0.2485,NA,NA,NA,NA,NA,NA,"CR10X_C2_ 20150127.dat",2015-01-20 03:00:00
"2015-1-20",18,"C2","Forest","Jan",2015,0.2512,0.2415,0.2437,0.2448,0.2447,0.2432,NA,NA,NA,NA,NA,NA,"CR10X_C2_ 20150127.dat",2015-01-20 03:00:00
"2015-1-21",0,"C2","Forest","Jan",2015,0.2466,0.2497,0.2443,0.2448,0.2447,0.2434,NA,NA,NA,NA,NA,NA,"CR10X_C2_ 20150127.dat",2015-01-21 03:00:00
"2015-1-21",6,"C2","Forest","Jan",2015,0.2229,0.2438,0.2458,0.2466,0.2464,0.2449,NA,NA,NA,NA,NA,NA,"CR10X_C2_ 20150127.dat",2015-01-21 03:00:00
"2015-1-21",12,"C2","Forest","Jan",2015,0.245,0.2444,0.2487,0.2489,0.2495,0.2475,NA,NA,NA,NA,NA,NA,"CR10X_C2_ 20150127.dat",2015-01-21 03:00:00
"2015-1-21",18,"C2","Forest","Jan",2015,0.2766,0.2452,0.2449,0.2454,0.2456,0.2439,NA,NA,NA,NA,NA,NA,"CR10X_C2_ 20150127.dat",2015-01-21 03:00:00
"2015-1-22",0,"C2","Forest","Jan",2015,0.2149,0.2473,0.2474,0.2465,0.2461,0.245,NA,NA,NA,NA,NA,NA,"CR10X_C2_ 20150127.dat",2015-01-22 03:00:00
"2015-1-22",6,"C2","Forest","Jan",2015,0.2309,0.2496,0.2462,0.2459,0.2458,0.2445,NA,NA,NA,NA,NA,NA,"CR10X_C2_ 20150127.dat",2015-01-22 03:00:00
"2015-1-22",12,"C2","Forest","Jan",2015,0.249,0.2488,0.2489,0.2477,0.2482,0.2464,NA,NA,NA,NA,NA,NA,"CR10X_C2_ 20150127.dat",2015-01-22 03:00:00
"2015-1-22",18,"C2","Forest","Jan",2015,0.2423,0.2469,0.2459,0.2449,0.2448,0.2436,NA,NA,NA,NA,NA,NA,"CR10X_C2_ 20150127.dat",2015-01-22 03:00:00
"2015-1-23",0,"C2","Forest","Jan",2015,0.2397,0.2475,0.2446,0.2452,0.2446,0.2434,NA,NA,NA,NA,NA,NA,"CR10X_C2_ 20150127.dat",2015-01-23 03:00:00
"2015-1-23",6,"C2","Forest","Jan",2015,0.2056,0.2434,0.2482,0.2473,0.2468,0.2456,NA,NA,NA,NA,NA,NA,"CR10X_C2_ 20150127.dat",2015-01-23 03:00:00
"2015-1-23",12,"C2","Forest","Jan",2015,0.2376,0.2435,0.2523,0.2512,0.2516,0.2496,NA,NA,NA,NA,NA,NA,"CR10X_C2_ 20150127.dat",2015-01-23 03:00:00
"2015-1-23",18,"C2","Forest","Jan",2015,0.2723,0.242,0.2452,0.2453,0.2449,0.2436,NA,NA,NA,NA,NA,NA,"CR10X_C2_ 20150127.dat",2015-01-23 03:00:00
"2015-1-24",0,"C2","Forest","Jan",2015,0.2321,0.2488,0.2463,0.2458,0.2452,0.244,NA,NA,NA,NA,NA,NA,"CR10X_C2_ 20150127.dat",2015-01-24 03:00:00
"2015-1-24",6,"C2","Forest","Jan",2015,0.2224,0.2472,0.2465,0.2465,0.2459,0.2446,NA,NA,NA,NA,NA,NA,"CR10X_C2_ 20150127.dat",2015-01-24 03:00:00
"2015-1-24",12,"C2","Forest","Jan",2015,0.2503,0.2472,0.2501,0.2492,0.2494,0.2474,NA,NA,NA,NA,NA,NA,"CR10X_C2_ 20150127.dat",2015-01-24 03:00:00
"2015-1-24",18,"C2","Forest","Jan",2015,0.2545,0.2457,0.2447,0.2443,0.2438,0.2426,NA,NA,NA,NA,NA,NA,"CR10X_C2_ 20150127.dat",2015-01-24 03:00:00
"2015-1-25",0,"C2","Forest","Jan",2015,0.2166,0.2401,0.246,0.2466,0.2458,0.2446,NA,NA,NA,NA,NA,NA,"CR10X_C2_ 20150127.dat",2015-01-25 03:00:00
"2015-1-25",6,"C2","Forest","Jan",2015,0.2228,0.2467,0.2475,0.2466,0.246,0.2448,NA,NA,NA,NA,NA,NA,"CR10X_C2_ 20150127.dat",2015-01-25 03:00:00
"2015-1-25",12,"C2","Forest","Jan",2015,0.2418,0.2453,0.2492,0.2479,0.2478,0.2462,NA,NA,NA,NA,NA,NA,"CR10X_C2_ 20150127.dat",2015-01-25 03:00:00
"2015-1-25",18,"C2","Forest","Jan",2015,0.2295,0.2406,0.2457,0.2454,0.2446,0.2435,NA,NA,NA,NA,NA,NA,"CR10X_C2_ 20150127.dat",2015-01-25 03:00:00
"2015-1-26",0,"C2","Forest","Jan",2015,0.2249,0.2363,0.2432,0.2459,0.2454,0.2442,NA,NA,NA,NA,NA,NA,"CR10X_C2_ 20150127.dat",2015-01-26 03:00:00
"2015-1-26",6,"C2","Forest","Jan",2015,0.2123,0.2378,0.2461,0.2471,0.2464,0.2452,NA,NA,NA,NA,NA,NA,"CR10X_C2_ 20150127.dat",2015-01-26 03:00:00
"2015-1-26",12,"C2","Forest","Jan",2015,0.2213,0.2354,0.2459,0.2472,0.2468,0.2455,NA,NA,NA,NA,NA,NA,"CR10X_C2_ 20150127.dat",2015-01-26 03:00:00
"2015-1-26",18,"C2","Forest","Jan",2015,0.2338,0.235,0.2441,0.2461,0.2459,0.2445,NA,NA,NA,NA,NA,NA,"CR10X_C2_ 20150127.dat",2015-01-26 03:00:00
"2015-1-27",0,"C2","Forest","Jan",2015,0.2274,0.2402,0.2418,0.2446,0.2449,0.2437,NA,NA,NA,NA,NA,NA,"CR10X_C2_ 20150127.dat",2015-01-27 03:00:00
"2015-1-27",6,"C2","Forest","Jan",2015,0.2204,0.2361,0.2433,0.246,0.2458,0.2445,NA,NA,NA,NA,NA,NA,"CR10X_C2_ 20150127.dat",2015-01-27 03:00:00
"2015-1-27",12,"C2","Forest","Jan",2015,0.2352,0.2366,0.2447,0.2472,0.2476,0.246,NA,NA,NA,NA,NA,NA,"CR10X_C2_ 20150127.dat",2015-01-27 03:00:00
"2015-1-27",18,"C2","Forest","Jan",2015,0.2456,0.2371,0.2416,0.2444,0.2447,0.2434,NA,NA,NA,NA,NA,NA,"CR10X_C2_ 20150127.dat",2015-01-27 03:00:00
"2015-1-28",6,"C2","Forest","Jan",2015,0.2177,0.2394,0.243,0.2453,0.2458,0.2445,NA,NA,NA,NA,NA,NA,"CR10X_C2_ 20150127.dat",2015-01-28 03:00:00
"2015-1-9",0,"C2","Forest","Jan",2015,0.2356,0.2537,0.2521,0.251,0.2471,0.2459,NA,NA,NA,NA,NA,NA,"CR10X_C2_ 20150127.dat",2015-01-09 03:00:00
"2015-1-9",18,"C2","Forest","Jan",2015,0.2566,0.2501,0.2499,0.2488,0.2445,0.2437,NA,NA,NA,NA,NA,NA,"CR10X_C2_ 20150127.dat",2015-01-09 03:00:00
"2013-12-12",18,"K4","Forest","Dec",2013,0.095,0.13,0.122,0.153,0.086,0.111,0.079,0.105,0.183,0.175,0.188,0.212,"CR1000_K4_ 20131219.dat",2013-12-12 18:00:00
"2013-12-13",0,"K4","Forest","Dec",2013,0.096,0.134,0.121,0.153,0.087,0.112,0.08,0.105,0.183,0.175,0.188,0.212,"CR1000_K4_ 20131219.dat",2013-12-13 00:00:00
"2013-12-13",6,"K4","Forest","Dec",2013,0.098,0.136,0.121,0.153,0.087,0.112,0.079,0.105,0.183,0.175,0.188,0.212,"CR1000_K4_ 20131219.dat",2013-12-13 06:00:00
"2013-12-13",12,"K4","Forest","Dec",2013,0.099,0.137,0.121,0.152,0.087,0.113,0.079,0.105,0.183,0.175,0.188,0.212,"CR1000_K4_ 20131219.dat",2013-12-13 12:00:00
"2013-12-13",18,"K4","Forest","Dec",2013,0.099,0.135,0.12,0.152,0.086,0.113,0.08,0.105,0.183,0.175,0.188,0.212,"CR1000_K4_ 20131219.dat",2013-12-13 18:00:00
"2013-12-14",0,"K4","Forest","Dec",2013,0.105,0.135,0.12,0.152,0.086,0.113,0.079,0.105,0.183,0.175,0.188,0.212,"CR1000_K4_ 20131219.dat",2013-12-14 00:00:00
"2013-12-14",6,"K4","Forest","Dec",2013,0.109,0.135,0.12,0.152,0.086,0.114,0.079,0.105,0.183,0.175,0.188,0.212,"CR1000_K4_ 20131219.dat",2013-12-14 06:00:00
"2013-12-14",12,"K4","Forest","Dec",2013,0.183,0.227,0.133,0.152,0.086,0.114,0.08,0.105,0.183,0.174,0.188,0.212,"CR1000_K4_ 20131219.dat",2013-12-14 12:00:00
"2013-12-14",18,"K4","Forest","Dec",2013,0.159,0.209,0.163,0.151,0.086,0.115,0.079,0.105,0.183,0.175,0.188,0.212,"CR1000_K4_ 20131219.dat",2013-12-14 18:00:00
"2013-12-15",0,"K4","Forest","Dec",2013,0.148,0.198,0.16,0.151,0.086,0.115,0.079,0.105,0.183,0.175,0.188,0.212,"CR1000_K4_ 20131219.dat",2013-12-15 00:00:00
"2013-12-15",6,"K4","Forest","Dec",2013,0.182,0.229,0.178,0.151,0.086,0.115,0.08,0.105,0.183,0.174,0.188,0.212,"CR1000_K4_ 20131219.dat",2013-12-15 06:00:00
"2013-12-15",12,"K4","Forest","Dec",2013,0.159,0.208,0.173,0.154,0.086,0.116,0.08,0.105,0.183,0.175,0.188,0.212,"CR1000_K4_ 20131219.dat",2013-12-15 12:00:00
"2013-12-15",18,"K4","Forest","Dec",2013,0.167,0.21,0.166,0.165,0.086,0.116,0.08,0.105,0.183,0.175,0.188,0.212,"CR1000_K4_ 20131219.dat",2013-12-15 18:00:00
"2013-12-16",0,"K4","Forest","Dec",2013,0.166,0.217,0.175,0.174,0.086,0.116,0.08,0.105,0.183,0.174,0.188,0.212,"CR1000_K4_ 20131219.dat",2013-12-16 00:00:00
"2013-12-16",6,"K4","Forest","Dec",2013,0.154,0.205,0.169,0.182,0.086,0.117,0.08,0.105,0.183,0.175,0.188,0.212,"CR1000_K4_ 20131219.dat",2013-12-16 06:00:00
"2013-12-16",12,"K4","Forest","Dec",2013,0.148,0.198,0.163,0.185,0.086,0.117,0.079,0.104,0.183,0.175,0.188,0.212,"CR1000_K4_ 20131219.dat",2013-12-16 12:00:00
"2013-12-16",18,"K4","Forest","Dec",2013,0.145,0.192,0.159,0.185,0.086,0.117,0.08,0.104,0.183,0.175,0.188,0.212,"CR1000_K4_ 20131219.dat",2013-12-16 18:00:00
"2013-12-17",0,"K4","Forest","Dec",2013,0.145,0.188,0.156,0.184,0.086,0.118,0.08,0.104,0.184,0.175,0.188,0.212,"CR1000_K4_ 20131219.dat",2013-12-17 00:00:00
"2013-12-17",6,"K4","Forest","Dec",2013,0.143,0.187,0.153,0.183,0.087,0.118,0.079,0.104,0.184,0.174,0.188,0.212,"CR1000_K4_ 20131219.dat",2013-12-17 06:00:00
"2013-12-17",12,"K4","Forest","Dec",2013,0.141,0.186,0.152,0.182,0.087,0.118,0.079,0.104,0.184,0.175,0.188,0.212,"CR1000_K4_ 20131219.dat",2013-12-17 12:00:00
"2013-12-17",18,"K4","Forest","Dec",2013,0.138,0.183,0.15,0.181,0.088,0.119,0.079,0.103,0.184,0.175,0.188,0.212,"CR1000_K4_ 20131219.dat",2013-12-17 18:00:00
"2013-12-18",0,"K4","Forest","Dec",2013,0.134,0.18,0.149,0.18,0.089,0.119,0.079,0.101,0.184,0.175,0.188,0.212,"CR1000_K4_ 20131219.dat",2013-12-18 00:00:00
"2013-12-18",6,"K4","Forest","Dec",2013,0.172,0.221,0.177,0.18,0.089,0.119,0.079,0.102,0.184,0.174,0.188,0.212,"CR1000_K4_ 20131219.dat",2013-12-18 06:00:00
"2013-12-18",12,"K4","Forest","Dec",2013,0.165,0.213,0.176,0.194,0.09,0.119,0.079,0.102,0.183,0.174,0.188,0.212,"CR1000_K4_ 20131219.dat",2013-12-18 12:00:00
"2013-12-18",18,"K4","Forest","Dec",2013,0.161,0.21,0.167,0.198,0.091,0.12,0.08,0.102,0.184,0.174,0.188,0.212,"CR1000_K4_ 20131219.dat",2013-12-18 18:00:00
"2013-12-19",0,"K4","Forest","Dec",2013,0.164,0.214,0.167,0.196,0.092,0.12,0.08,0.102,0.183,0.174,0.188,0.212,"CR1000_K4_ 20131219.dat",2013-12-19 00:00:00
"2013-12-19",6,"K4","Forest","Dec",2013,0.155,0.204,0.165,0.195,0.094,0.12,0.08,0.102,0.183,0.174,0.188,0.212,"CR1000_K4_ 20131219.dat",2013-12-19 06:00:00
"2013-12-19",12,"K4","Forest","Dec",2013,0.151,0.199,0.161,0.193,0.096,0.12,0.079,0.102,0.183,0.174,0.188,0.212,"CR1000_K4_ 20131219.dat",2013-12-19 12:00:00
"2015-1-10",0,"K4","Forest","Jan",2015,0.157,0.208,0.175,0.165,0.096,0.15,0.179,0.134,0.251,0.24,0.239,0.206,"CR1000_K4_ 20150127.dat",2015-01-10 00:00:00
"2015-1-10",6,"K4","Forest","Jan",2015,0.152,0.201,0.168,0.173,0.095,0.15,0.178,0.134,0.251,0.24,0.24,0.206,"CR1000_K4_ 20150127.dat",2015-01-10 06:00:00
"2015-1-10",12,"K4","Forest","Jan",2015,0.148,0.197,0.163,0.178,0.095,0.149,0.178,0.135,0.251,0.24,0.24,0.206,"CR1000_K4_ 20150127.dat",2015-01-10 12:00:00
"2015-1-10",18,"K4","Forest","Jan",2015,0.142,0.19,0.159,0.179,0.095,0.149,0.178,0.135,0.251,0.24,0.241,0.206,"CR1000_K4_ 20150127.dat",2015-01-10 18:00:00
"2015-1-11",0,"K4","Forest","Jan",2015,0.142,0.186,0.156,0.18,0.095,0.149,0.178,0.135,0.251,0.24,0.242,0.206,"CR1000_K4_ 20150127.dat",2015-01-11 00:00:00
"2015-1-11",6,"K4","Forest","Jan",2015,0.141,0.184,0.153,0.179,0.095,0.149,0.178,0.134,0.251,0.24,0.243,0.206,"CR1000_K4_ 20150127.dat",2015-01-11 06:00:00
"2015-1-11",12,"K4","Forest","Jan",2015,0.139,0.182,0.152,0.179,0.095,0.149,0.178,0.134,0.251,0.24,0.243,0.206,"CR1000_K4_ 20150127.dat",2015-01-11 12:00:00
"2015-1-11",18,"K4","Forest","Jan",2015,0.135,0.177,0.149,0.178,0.095,0.148,0.177,0.134,0.251,0.24,0.244,0.206,"CR1000_K4_ 20150127.dat",2015-01-11 18:00:00
"2015-1-12",0,"K4","Forest","Jan",2015,0.139,0.175,0.148,0.178,0.095,0.148,0.177,0.134,0.252,0.24,0.244,0.206,"CR1000_K4_ 20150127.dat",2015-01-12 00:00:00
"2015-1-12",6,"K4","Forest","Jan",2015,0.138,0.174,0.147,0.177,0.095,0.148,0.177,0.134,0.252,0.24,0.245,0.207,"CR1000_K4_ 20150127.dat",2015-01-12 06:00:00
"2015-1-12",12,"K4","Forest","Jan",2015,0.137,0.173,0.146,0.177,0.096,0.148,0.177,0.134,0.252,0.24,0.245,0.206,"CR1000_K4_ 20150127.dat",2015-01-12 12:00:00
"2015-1-12",18,"K4","Forest","Jan",2015,0.132,0.168,0.144,0.176,0.096,0.148,0.177,0.133,0.252,0.24,0.246,0.207,"CR1000_K4_ 20150127.dat",2015-01-12 18:00:00
"2015-1-13",0,"K4","Forest","Jan",2015,0.129,0.166,0.143,0.175,0.096,0.147,0.177,0.133,0.252,0.24,0.246,0.207,"CR1000_K4_ 20150127.dat",2015-01-13 00:00:00
"2015-1-13",6,"K4","Forest","Jan",2015,0.128,0.165,0.142,0.174,0.096,0.147,0.176,0.133,0.252,0.24,0.246,0.207,"CR1000_K4_ 20150127.dat",2015-01-13 06:00:00
"2015-1-13",12,"K4","Forest","Jan",2015,0.127,0.164,0.142,0.174,0.096,0.147,0.176,0.133,0.252,0.239,0.246,0.207,"CR1000_K4_ 20150127.dat",2015-01-13 12:00:00
"2015-1-13",18,"K4","Forest","Jan",2015,0.123,0.16,0.14,0.173,0.096,0.147,0.176,0.133,0.252,0.239,0.247,0.207,"CR1000_K4_ 20150127.dat",2015-01-13 18:00:00
"2015-1-14",0,"K4","Forest","Jan",2015,0.132,0.159,0.139,0.173,0.096,0.147,0.176,0.134,0.252,0.239,0.247,0.207,"CR1000_K4_ 20150127.dat",2015-01-14 00:00:00
"2015-1-14",6,"K4","Forest","Jan",2015,0.132,0.159,0.139,0.172,0.096,0.147,0.176,0.133,0.252,0.239,0.247,0.208,"CR1000_K4_ 20150127.dat",2015-01-14 06:00:00
"2015-1-14",12,"K4","Forest","Jan",2015,0.131,0.159,0.138,0.172,0.096,0.147,0.176,0.133,0.251,0.239,0.247,0.208,"CR1000_K4_ 20150127.dat",2015-01-14 12:00:00
"2015-1-14",18,"K4","Forest","Jan",2015,0.134,0.158,0.137,0.171,0.096,0.147,0.176,0.133,0.251,0.239,0.247,0.208,"CR1000_K4_ 20150127.dat",2015-01-14 18:00:00
"2015-1-15",0,"K4","Forest","Jan",2015,0.172,0.203,0.136,0.17,0.096,0.147,0.175,0.134,0.251,0.239,0.247,0.209,"CR1000_K4_ 20150127.dat",2015-01-15 00:00:00
"2015-1-15",6,"K4","Forest","Jan",2015,0.165,0.214,0.139,0.17,0.096,0.147,0.175,0.134,0.251,0.239,0.247,0.209,"CR1000_K4_ 20150127.dat",2015-01-15 06:00:00
"2015-1-15",12,"K4","Forest","Jan",2015,0.157,0.205,0.149,0.169,0.096,0.147,0.175,0.134,0.251,0.239,0.247,0.21,"CR1000_K4_ 20150127.dat",2015-01-15 12:00:00
"2015-1-15",18,"K4","Forest","Jan",2015,0.15,0.197,0.152,0.169,0.095,0.147,0.175,0.133,0.251,0.239,0.247,0.211,"CR1000_K4_ 20150127.dat",2015-01-15 18:00:00
"2015-1-16",0,"K4","Forest","Jan",2015,0.145,0.192,0.152,0.169,0.095,0.147,0.175,0.133,0.251,0.239,0.247,0.212,"CR1000_K4_ 20150127.dat",2015-01-16 00:00:00
"2015-1-16",6,"K4","Forest","Jan",2015,0.143,0.189,0.151,0.17,0.095,0.147,0.175,0.133,0.251,0.238,0.247,0.213,"CR1000_K4_ 20150127.dat",2015-01-16 06:00:00
"2015-1-16",12,"K4","Forest","Jan",2015,0.141,0.187,0.15,0.17,0.095,0.146,0.175,0.133,0.251,0.238,0.248,0.215,"CR1000_K4_ 20150127.dat",2015-01-16 12:00:00
"2015-1-16",18,"K4","Forest","Jan",2015,0.138,0.184,0.149,0.17,0.095,0.146,0.175,0.133,0.251,0.238,0.248,0.217,"CR1000_K4_ 20150127.dat",2015-01-16 18:00:00
"2015-1-17",0,"K4","Forest","Jan",2015,0.136,0.182,0.148,0.17,0.095,0.146,0.175,0.132,0.251,0.238,0.248,0.22,"CR1000_K4_ 20150127.dat",2015-01-17 00:00:00
"2015-1-17",6,"K4","Forest","Jan",2015,0.135,0.18,0.147,0.17,0.095,0.146,0.175,0.132,0.25,0.238,0.248,0.223,"CR1000_K4_ 20150127.dat",2015-01-17 06:00:00
"2015-1-17",12,"K4","Forest","Jan",2015,0.134,0.179,0.146,0.17,0.095,0.146,0.175,0.132,0.25,0.238,0.248,0.226,"CR1000_K4_ 20150127.dat",2015-01-17 12:00:00
"2015-1-17",18,"K4","Forest","Jan",2015,0.131,0.176,0.145,0.17,0.095,0.146,0.175,0.132,0.25,0.238,0.248,0.229,"CR1000_K4_ 20150127.dat",2015-01-17 18:00:00
"2015-1-18",0,"K4","Forest","Jan",2015,0.129,0.174,0.144,0.17,0.095,0.146,0.174,0.132,0.25,0.237,0.248,0.232,"CR1000_K4_ 20150127.dat",2015-01-18 00:00:00
"2015-1-18",6,"K4","Forest","Jan",2015,0.128,0.173,0.143,0.17,0.095,0.146,0.174,0.132,0.25,0.237,0.248,0.235,"CR1000_K4_ 20150127.dat",2015-01-18 06:00:00
"2015-1-18",12,"K4","Forest","Jan",2015,0.126,0.171,0.142,0.17,0.095,0.146,0.174,0.132,0.25,0.237,0.248,0.238,"CR1000_K4_ 20150127.dat",2015-01-18 12:00:00
"2015-1-18",18,"K4","Forest","Jan",2015,0.123,0.167,0.141,0.169,0.095,0.146,0.174,0.132,0.25,0.237,0.248,0.241,"CR1000_K4_ 20150127.dat",2015-01-18 18:00:00
"2015-1-19",0,"K4","Forest","Jan",2015,0.122,0.166,0.14,0.169,0.095,0.146,0.174,0.132,0.25,0.237,0.248,0.243,"CR1000_K4_ 20150127.dat",2015-01-19 00:00:00
"2015-1-19",6,"K4","Forest","Jan",2015,0.121,0.165,0.14,0.169,0.095,0.146,0.174,0.132,0.25,0.237,0.248,0.246,"CR1000_K4_ 20150127.dat",2015-01-19 06:00:00
"2015-1-19",12,"K4","Forest","Jan",2015,0.121,0.164,0.139,0.169,0.095,0.146,0.174,0.131,0.25,0.237,0.248,0.248,"CR1000_K4_ 20150127.dat",2015-01-19 12:00:00
"2015-1-19",18,"K4","Forest","Jan",2015,0.117,0.16,0.138,0.168,0.095,0.146,0.174,0.131,0.25,0.237,0.248,0.25,"CR1000_K4_ 20150127.dat",2015-01-19 18:00:00
"2015-1-20",0,"K4","Forest","Jan",2015,0.116,0.159,0.137,0.168,0.095,0.146,0.174,0.131,0.25,0.237,0.248,0.251,"CR1000_K4_ 20150127.dat",2015-01-20 00:00:00
"2015-1-20",6,"K4","Forest","Jan",2015,0.116,0.158,0.137,0.168,0.095,0.146,0.174,0.132,0.25,0.236,0.247,0.253,"CR1000_K4_ 20150127.dat",2015-01-20 06:00:00
"2015-1-20",12,"K4","Forest","Jan",2015,0.115,0.157,0.136,0.167,0.095,0.145,0.174,0.132,0.249,0.236,0.247,0.254,"CR1000_K4_ 20150127.dat",2015-01-20 12:00:00
"2015-1-20",18,"K4","Forest","Jan",2015,0.112,0.152,0.135,0.167,0.095,0.145,0.174,0.132,0.249,0.236,0.247,0.256,"CR1000_K4_ 20150127.dat",2015-01-20 18:00:00
"2015-1-21",0,"K4","Forest","Jan",2015,0.11,0.15,0.134,0.166,0.095,0.145,0.174,0.131,0.249,0.236,0.247,0.257,"CR1000_K4_ 20150127.dat",2015-01-21 00:00:00
"2015-1-21",6,"K4","Forest","Jan",2015,0.109,0.15,0.134,0.166,0.094,0.145,0.174,0.131,0.249,0.236,0.247,0.258,"CR1000_K4_ 20150127.dat",2015-01-21 06:00:00
"2015-1-21",12,"K4","Forest","Jan",2015,0.109,0.148,0.133,0.166,0.095,0.145,0.174,0.131,0.249,0.236,0.247,0.259,"CR1000_K4_ 20150127.dat",2015-01-21 12:00:00
"2015-1-21",18,"K4","Forest","Jan",2015,0.106,0.145,0.133,0.165,0.094,0.145,0.174,0.131,0.249,0.236,0.247,0.26,"CR1000_K4_ 20150127.dat",2015-01-21 18:00:00
"2015-1-22",0,"K4","Forest","Jan",2015,0.106,0.144,0.132,0.165,0.094,0.145,0.174,0.13,0.249,0.235,0.248,0.261,"CR1000_K4_ 20150127.dat",2015-01-22 00:00:00
"2015-1-22",6,"K4","Forest","Jan",2015,0.106,0.144,0.132,0.165,0.094,0.145,0.173,0.13,0.249,0.235,0.248,0.262,"CR1000_K4_ 20150127.dat",2015-01-22 06:00:00
"2015-1-22",12,"K4","Forest","Jan",2015,0.105,0.143,0.131,0.164,0.094,0.145,0.173,0.13,0.249,0.235,0.248,0.262,"CR1000_K4_ 20150127.dat",2015-01-22 12:00:00
"2015-1-22",18,"K4","Forest","Jan",2015,0.102,0.139,0.13,0.164,0.094,0.145,0.173,0.13,0.248,0.235,0.247,0.263,"CR1000_K4_ 20150127.dat",2015-01-22 18:00:00
"2015-1-23",0,"K4","Forest","Jan",2015,0.101,0.137,0.13,0.163,0.094,0.145,0.173,0.131,0.248,0.235,0.247,0.264,"CR1000_K4_ 20150127.dat",2015-01-23 00:00:00
"2015-1-23",6,"K4","Forest","Jan",2015,0.101,0.137,0.129,0.163,0.094,0.145,0.173,0.131,0.248,0.235,0.247,0.264,"CR1000_K4_ 20150127.dat",2015-01-23 06:00:00
"2015-1-23",12,"K4","Forest","Jan",2015,0.1,0.136,0.129,0.163,0.094,0.145,0.173,0.131,0.248,0.235,0.247,0.265,"CR1000_K4_ 20150127.dat",2015-01-23 12:00:00
"2015-1-23",18,"K4","Forest","Jan",2015,0.098,0.133,0.128,0.162,0.094,0.144,0.173,0.131,0.248,0.235,0.247,0.265,"CR1000_K4_ 20150127.dat",2015-01-23 18:00:00
"2015-1-24",0,"K4","Forest","Jan",2015,0.098,0.132,0.127,0.162,0.093,0.144,0.173,0.131,0.248,0.235,0.246,0.266,"CR1000_K4_ 20150127.dat",2015-01-24 00:00:00
"2015-1-24",6,"K4","Forest","Jan",2015,0.098,0.132,0.127,0.162,0.093,0.144,0.173,0.131,0.248,0.235,0.246,0.267,"CR1000_K4_ 20150127.dat",2015-01-24 06:00:00
"2015-1-24",12,"K4","Forest","Jan",2015,0.097,0.132,0.127,0.161,0.093,0.144,0.173,0.131,0.248,0.234,0.246,0.267,"CR1000_K4_ 20150127.dat",2015-01-24 12:00:00
"2015-1-24",18,"K4","Forest","Jan",2015,0.134,0.163,0.126,0.161,0.093,0.144,0.173,0.132,0.248,0.234,0.246,0.267,"CR1000_K4_ 20150127.dat",2015-01-24 18:00:00
"2015-1-25",0,"K4","Forest","Jan",2015,0.146,0.181,0.126,0.161,0.093,0.144,0.173,0.131,0.248,0.234,0.246,0.268,"CR1000_K4_ 20150127.dat",2015-01-25 00:00:00
"2015-1-25",6,"K4","Forest","Jan",2015,0.144,0.18,0.126,0.161,0.093,0.144,0.173,0.131,0.248,0.234,0.246,0.268,"CR1000_K4_ 20150127.dat",2015-01-25 06:00:00
"2015-1-25",12,"K4","Forest","Jan",2015,0.144,0.18,0.126,0.16,0.093,0.144,0.173,0.131,0.248,0.234,0.246,0.269,"CR1000_K4_ 20150127.dat",2015-01-25 12:00:00
"2015-1-25",18,"K4","Forest","Jan",2015,0.142,0.178,0.126,0.16,0.093,0.144,0.173,0.131,0.248,0.234,0.246,0.269,"CR1000_K4_ 20150127.dat",2015-01-25 18:00:00
"2015-1-26",0,"K4","Forest","Jan",2015,0.14,0.176,0.127,0.16,0.093,0.144,0.173,0.131,0.247,0.234,0.246,0.269,"CR1000_K4_ 20150127.dat",2015-01-26 00:00:00
"2015-1-26",6,"K4","Forest","Jan",2015,0.139,0.175,0.127,0.16,0.092,0.144,0.172,0.131,0.247,0.234,0.246,0.27,"CR1000_K4_ 20150127.dat",2015-01-26 06:00:00
"2015-1-26",12,"K4","Forest","Jan",2015,0.138,0.173,0.127,0.16,0.092,0.144,0.172,0.131,0.247,0.234,0.246,0.27,"CR1000_K4_ 20150127.dat",2015-01-26 12:00:00
"2015-1-26",18,"K4","Forest","Jan",2015,0.134,0.17,0.128,0.16,0.092,0.144,0.172,0.131,0.247,0.233,0.246,0.27,"CR1000_K4_ 20150127.dat",2015-01-26 18:00:00
"2015-1-27",0,"K4","Forest","Jan",2015,0.132,0.168,0.128,0.16,0.092,0.143,0.172,0.13,0.247,0.233,0.246,0.27,"CR1000_K4_ 20150127.dat",2015-01-27 00:00:00
"2015-1-27",6,"K4","Forest","Jan",2015,0.13,0.167,0.128,0.16,0.092,0.143,0.172,0.131,0.247,0.233,0.246,0.27,"CR1000_K4_ 20150127.dat",2015-01-27 06:00:00
"2015-1-8",18,"K4","Forest","Jan",2015,0.152,0.191,0.127,0.164,0.097,0.151,0.179,0.134,0.252,0.24,0.233,0.206,"CR1000_K4_ 20150127.dat",2015-01-08 18:00:00
"2015-1-9",0,"K4","Forest","Jan",2015,0.156,0.205,0.127,0.164,0.097,0.151,0.179,0.134,0.251,0.24,0.234,0.205,"CR1000_K4_ 20150127.dat",2015-01-09 00:00:00
"2015-1-9",6,"K4","Forest","Jan",2015,0.151,0.197,0.13,0.164,0.096,0.15,0.179,0.134,0.252,0.24,0.235,0.205,"CR1000_K4_ 20150127.dat",2015-01-09 06:00:00
"2015-1-9",12,"K4","Forest","Jan",2015,0.156,0.192,0.134,0.163,0.096,0.15,0.179,0.134,0.252,0.24,0.237,0.205,"CR1000_K4_ 20150127.dat",2015-01-09 12:00:00
"2015-1-9",18,"K4","Forest","Jan",2015,0.171,0.228,0.183,0.163,0.096,0.15,0.179,0.134,0.251,0.24,0.238,0.206,"CR1000_K4_ 20150127.dat",2015-01-09 18:00:00
"2013-12-12",18,"M8","Forest","Dec",2013,0.099,0.093,0.085,0.175,0.143,0.117,0.181,0.16,0.211,0.192,0.188,0.198,"CR1000_M8_ 20131219.dat",2013-12-12 18:00:00
"2013-12-13",0,"M8","Forest","Dec",2013,0.098,0.093,0.084,0.174,0.143,0.117,0.181,0.16,0.211,0.192,0.188,0.197,"CR1000_M8_ 20131219.dat",2013-12-13 00:00:00
"2013-12-13",6,"M8","Forest","Dec",2013,0.102,0.093,0.084,0.174,0.143,0.117,0.182,0.16,0.211,0.192,0.188,0.196,"CR1000_M8_ 20131219.dat",2013-12-13 06:00:00
"2013-12-13",12,"M8","Forest","Dec",2013,0.101,0.093,0.084,0.174,0.143,0.117,0.182,0.16,0.211,0.192,0.187,0.193,"CR1000_M8_ 20131219.dat",2013-12-13 12:00:00
"2013-12-13",18,"M8","Forest","Dec",2013,0.099,0.092,0.084,0.173,0.143,0.117,0.182,0.16,0.211,0.192,0.187,0.192,"CR1000_M8_ 20131219.dat",2013-12-13 18:00:00
"2013-12-14",0,"M8","Forest","Dec",2013,0.112,0.091,0.084,0.173,0.143,0.117,0.182,0.16,0.211,0.192,0.187,0.191,"CR1000_M8_ 20131219.dat",2013-12-14 00:00:00
"2013-12-14",6,"M8","Forest","Dec",2013,0.116,0.091,0.084,0.173,0.142,0.117,0.183,0.16,0.211,0.192,0.187,0.189,"CR1000_M8_ 20131219.dat",2013-12-14 06:00:00
"2013-12-14",12,"M8","Forest","Dec",2013,0.188,0.151,0.084,0.173,0.142,0.117,0.183,0.16,0.211,0.192,0.187,0.19,"CR1000_M8_ 20131219.dat",2013-12-14 12:00:00
"2013-12-14",18,"M8","Forest","Dec",2013,0.157,0.137,0.087,0.174,0.142,0.117,0.183,0.16,0.211,0.192,0.187,0.19,"CR1000_M8_ 20131219.dat",2013-12-14 18:00:00
"2013-12-15",0,"M8","Forest","Dec",2013,0.145,0.129,0.098,0.181,0.142,0.117,0.184,0.16,0.211,0.192,0.187,0.191,"CR1000_M8_ 20131219.dat",2013-12-15 00:00:00
"2013-12-15",6,"M8","Forest","Dec",2013,0.18,0.146,0.103,0.188,0.142,0.117,0.184,0.16,0.211,0.192,0.187,0.191,"CR1000_M8_ 20131219.dat",2013-12-15 06:00:00
"2013-12-15",12,"M8","Forest","Dec",2013,0.156,0.136,0.111,0.198,0.142,0.117,0.184,0.16,0.211,0.192,0.187,0.191,"CR1000_M8_ 20131219.dat",2013-12-15 12:00:00
"2013-12-15",18,"M8","Forest","Dec",2013,0.168,0.138,0.11,0.205,0.142,0.117,0.184,0.16,0.211,0.192,0.187,0.191,"CR1000_M8_ 20131219.dat",2013-12-15 18:00:00
"2013-12-16",0,"M8","Forest","Dec",2013,0.163,0.141,0.118,0.211,0.142,0.117,0.185,0.16,0.211,0.192,0.187,0.192,"CR1000_M8_ 20131219.dat",2013-12-16 00:00:00
"2013-12-16",6,"M8","Forest","Dec",2013,0.151,0.131,0.116,0.218,0.142,0.117,0.185,0.16,0.211,0.192,0.186,0.192,"CR1000_M8_ 20131219.dat",2013-12-16 06:00:00
"2013-12-16",12,"M8","Forest","Dec",2013,0.145,0.126,0.112,0.216,0.142,0.117,0.185,0.16,0.211,0.192,0.184,0.192,"CR1000_M8_ 20131219.dat",2013-12-16 12:00:00
"2013-12-16",18,"M8","Forest","Dec",2013,0.146,0.123,0.109,0.214,0.142,0.117,0.186,0.16,0.211,0.192,0.184,0.192,"CR1000_M8_ 20131219.dat",2013-12-16 18:00:00
"2013-12-17",0,"M8","Forest","Dec",2013,0.148,0.122,0.107,0.211,0.142,0.117,0.186,0.16,0.211,0.192,0.184,0.192,"CR1000_M8_ 20131219.dat",2013-12-17 00:00:00
"2013-12-17",6,"M8","Forest","Dec",2013,0.144,0.122,0.105,0.209,0.142,0.117,0.186,0.16,0.211,0.192,0.184,0.192,"CR1000_M8_ 20131219.dat",2013-12-17 06:00:00
"2013-12-17",12,"M8","Forest","Dec",2013,0.141,0.121,0.104,0.207,0.143,0.117,0.187,0.16,0.211,0.192,0.184,0.193,"CR1000_M8_ 20131219.dat",2013-12-17 12:00:00
"2013-12-17",18,"M8","Forest","Dec",2013,0.136,0.119,0.103,0.205,0.144,0.117,0.187,0.16,0.211,0.192,0.183,0.192,"CR1000_M8_ 20131219.dat",2013-12-17 18:00:00
"2013-12-18",0,"M8","Forest","Dec",2013,0.132,0.117,0.102,0.204,0.145,0.117,0.187,0.16,0.211,0.192,0.183,0.192,"CR1000_M8_ 20131219.dat",2013-12-18 00:00:00
"2013-12-18",6,"M8","Forest","Dec",2013,0.173,0.143,0.111,0.205,0.146,0.117,0.188,0.16,0.211,0.192,0.183,0.192,"CR1000_M8_ 20131219.dat",2013-12-18 06:00:00
"2013-12-18",12,"M8","Forest","Dec",2013,0.165,0.138,0.121,0.22,0.148,0.117,0.188,0.16,0.211,0.192,0.183,0.192,"CR1000_M8_ 20131219.dat",2013-12-18 12:00:00
"2013-12-18",18,"M8","Forest","Dec",2013,0.162,0.133,0.116,0.221,0.149,0.117,0.188,0.16,0.211,0.192,0.183,0.193,"CR1000_M8_ 20131219.dat",2013-12-18 18:00:00
"2013-12-19",0,"M8","Forest","Dec",2013,0.164,0.137,0.114,0.219,0.151,0.117,0.189,0.16,0.211,0.192,0.183,0.193,"CR1000_M8_ 20131219.dat",2013-12-19 00:00:00
"2013-12-19",6,"M8","Forest","Dec",2013,0.153,0.131,0.113,0.217,0.153,0.117,0.189,0.16,0.211,0.192,0.183,0.193,"CR1000_M8_ 20131219.dat",2013-12-19 06:00:00
"2013-12-19",12,"M8","Forest","Dec",2013,0.15,0.127,0.11,0.215,0.155,0.117,0.189,0.161,0.211,0.192,0.183,0.193,"CR1000_M8_ 20131219.dat",2013-12-19 12:00:00
"2014-2-21",12,"M8","Forest","Feb",2014,0.147,0.125,0.106,0.204,0.171,0.142,0.253,0.213,0.26,0.232,0.223,0.222,"CR100_M8_20140227_1.dat",2014-02-21 12:00:00
"2014-2-21",18,"M8","Forest","Feb",2014,0.184,0.134,0.105,0.203,0.17,0.142,0.254,0.216,0.261,0.232,0.223,0.222,"CR100_M8_20140227_1.dat",2014-02-21 18:00:00
"2014-2-22",0,"M8","Forest","Feb",2014,0.196,0.16,0.123,0.205,0.169,0.142,0.254,0.218,0.261,0.233,0.223,0.222,"CR100_M8_20140227_1.dat",2014-02-22 00:00:00
"2014-2-22",6,"M8","Forest","Feb",2014,0.169,0.143,0.127,0.221,0.168,0.142,0.254,0.22,0.263,0.233,0.223,0.222,"CR100_M8_20140227_1.dat",2014-02-22 06:00:00
"2014-2-22",12,"M8","Forest","Feb",2014,0.16,0.136,0.121,0.222,0.167,0.141,0.253,0.221,0.265,0.233,0.223,0.223,"CR100_M8_20140227_1.dat",2014-02-22 12:00:00
"2014-2-22",18,"M8","Forest","Feb",2014,0.157,0.132,0.116,0.218,0.167,0.141,0.253,0.222,0.268,0.233,0.223,0.223,"CR100_M8_20140227_1.dat",2014-02-22 18:00:00
"2014-2-23",0,"M8","Forest","Feb",2014,0.153,0.13,0.113,0.215,0.168,0.141,0.253,0.222,0.27,0.233,0.224,0.223,"CR100_M8_20140227_1.dat",2014-02-23 00:00:00
"2014-2-23",6,"M8","Forest","Feb",2014,0.15,0.128,0.11,0.212,0.168,0.14,0.252,0.221,0.273,0.234,0.224,0.223,"CR100_M8_20140227_1.dat",2014-02-23 06:00:00
"2014-2-23",12,"M8","Forest","Feb",2014,0.146,0.126,0.109,0.209,0.168,0.14,0.252,0.222,0.274,0.234,0.224,0.223,"CR100_M8_20140227_1.dat",2014-02-23 12:00:00
"2014-2-23",18,"M8","Forest","Feb",2014,0.14,0.124,0.107,0.207,0.168,0.14,0.252,0.222,0.275,0.236,0.224,0.224,"CR100_M8_20140227_1.dat",2014-02-23 18:00:00
"2014-2-24",0,"M8","Forest","Feb",2014,0.137,0.122,0.106,0.205,0.168,0.14,0.251,0.221,0.276,0.238,0.224,0.224,"CR100_M8_20140227_1.dat",2014-02-24 00:00:00
"2014-2-24",6,"M8","Forest","Feb",2014,0.136,0.121,0.105,0.203,0.167,0.14,0.251,0.221,0.276,0.241,0.224,0.224,"CR100_M8_20140227_1.dat",2014-02-24 06:00:00
"2014-2-24",12,"M8","Forest","Feb",2014,0.135,0.12,0.104,0.201,0.167,0.14,0.251,0.221,0.276,0.244,0.225,0.224,"CR100_M8_20140227_1.dat",2014-02-24 12:00:00
"2014-2-24",18,"M8","Forest","Feb",2014,0.189,0.156,0.125,0.21,0.166,0.14,0.251,0.221,0.276,0.247,0.226,0.225,"CR100_M8_20140227_1.dat",2014-02-24 18:00:00
"2014-2-25",0,"M8","Forest","Feb",2014,0.172,0.145,0.126,0.222,0.165,0.14,0.251,0.22,0.275,0.248,0.227,0.225,"CR100_M8_20140227_1.dat",2014-02-25 00:00:00
"2014-2-25",6,"M8","Forest","Feb",2014,0.162,0.138,0.121,0.221,0.165,0.139,0.25,0.22,0.276,0.249,0.229,0.225,"CR100_M8_20140227_1.dat",2014-02-25 06:00:00
"2014-2-25",12,"M8","Forest","Feb",2014,0.156,0.134,0.116,0.218,0.165,0.139,0.25,0.22,0.275,0.249,0.231,0.225,"CR100_M8_20140227_1.dat",2014-02-25 12:00:00
"2014-2-25",18,"M8","Forest","Feb",2014,0.148,0.13,0.113,0.215,0.167,0.139,0.25,0.22,0.275,0.25,0.234,0.226,"CR100_M8_20140227_1.dat",2014-02-25 18:00:00
"2014-2-26",0,"M8","Forest","Feb",2014,0.144,0.127,0.11,0.212,0.168,0.139,0.25,0.22,0.275,0.25,0.237,0.226,"CR100_M8_20140227_1.dat",2014-02-26 00:00:00
"2014-2-26",6,"M8","Forest","Feb",2014,0.141,0.125,0.108,0.209,0.168,0.139,0.249,0.22,0.275,0.25,0.239,0.227,"CR100_M8_20140227_1.dat",2014-02-26 06:00:00
"2014-2-26",12,"M8","Forest","Feb",2014,0.139,0.123,0.107,0.207,0.168,0.139,0.249,0.219,0.275,0.25,0.24,0.227,"CR100_M8_20140227_1.dat",2014-02-26 12:00:00
"2014-2-26",18,"M8","Forest","Feb",2014,0.132,0.121,0.105,0.204,0.168,0.139,0.249,0.219,0.274,0.25,0.242,0.228,"CR100_M8_20140227_1.dat",2014-02-26 18:00:00
"2014-2-27",0,"M8","Forest","Feb",2014,0.129,0.119,0.104,0.202,0.167,0.14,0.249,0.219,0.274,0.25,0.242,0.23,"CR100_M8_20140227_1.dat",2014-02-27 00:00:00
"2014-2-27",6,"M8","Forest","Feb",2014,0.128,0.118,0.103,0.2,0.167,0.14,0.25,0.219,0.274,0.25,0.243,0.232,"CR100_M8_20140227_1.dat",2014-02-27 06:00:00
"2014-2-27",12,"M8","Forest","Feb",2014,0.127,0.116,0.102,0.199,0.166,0.14,0.25,0.219,0.274,0.249,0.243,0.234,"CR100_M8_20140227_1.dat",2014-02-27 12:00:00
"2013-11-21",12,"Mutum","Cropland","Nov",2013,0.28,0.302,0.277,0.247,0.259,0.308,0.367,0.345,0.343,0.343,0.346,0.35,"CR1000_Mutum_ 20131212.dat",2013-11-21 12:00:00
"2013-11-21",18,"Mutum","Cropland","Nov",2013,0.279,0.3,0.276,0.247,0.259,0.308,0.367,0.344,0.343,0.343,0.346,0.35,"CR1000_Mutum_ 20131212.dat",2013-11-21 18:00:00
"2013-11-22",0,"Mutum","Cropland","Nov",2013,0.278,0.3,0.276,0.247,0.259,0.308,0.367,0.344,0.343,0.343,0.346,0.35,"CR1000_Mutum_ 20131212.dat",2013-11-22 00:00:00
"2013-11-22",6,"Mutum","Cropland","Nov",2013,0.278,0.3,0.276,0.246,0.259,0.308,0.367,0.344,0.343,0.343,0.346,0.35,"CR1000_Mutum_ 20131212.dat",2013-11-22 06:00:00
"2013-11-22",12,"Mutum","Cropland","Nov",2013,0.278,0.299,0.275,0.246,0.259,0.308,0.367,0.344,0.343,0.343,0.346,0.35,"CR1000_Mutum_ 20131212.dat",2013-11-22 12:00:00
"2013-11-22",18,"Mutum","Cropland","Nov",2013,0.274,0.295,0.272,0.245,0.258,0.307,0.367,0.344,0.343,0.344,0.347,0.35,"CR1000_Mutum_ 20131212.dat",2013-11-22 18:00:00
"2013-11-23",0,"Mutum","Cropland","Nov",2013,0.273,0.294,0.271,0.245,0.258,0.307,0.367,0.344,0.343,0.344,0.347,0.35,"CR1000_Mutum_ 20131212.dat",2013-11-23 00:00:00
"2013-11-23",6,"Mutum","Cropland","Nov",2013,0.273,0.294,0.271,0.244,0.258,0.307,0.367,0.344,0.343,0.344,0.347,0.35,"CR1000_Mutum_ 20131212.dat",2013-11-23 06:00:00
"2013-11-23",12,"Mutum","Cropland","Nov",2013,0.289,0.304,0.271,0.244,0.258,0.307,0.367,0.344,0.342,0.344,0.347,0.35,"CR1000_Mutum_ 20131212.dat",2013-11-23 12:00:00
"2013-11-23",18,"Mutum","Cropland","Nov",2013,0.364,0.367,0.314,0.244,0.258,0.307,0.366,0.344,0.342,0.344,0.348,0.35,"CR1000_Mutum_ 20131212.dat",2013-11-23 18:00:00
"2013-11-24",0,"Mutum","Cropland","Nov",2013,0.353,0.36,0.33,0.245,0.257,0.307,0.366,0.344,0.342,0.344,0.348,0.351,"CR1000_Mutum_ 20131212.dat",2013-11-24 00:00:00
"2013-11-24",6,"Mutum","Cropland","Nov",2013,0.348,0.357,0.328,0.246,0.257,0.307,0.366,0.344,0.342,0.344,0.348,0.351,"CR1000_Mutum_ 20131212.dat",2013-11-24 06:00:00
"2013-11-24",12,"Mutum","Cropland","Nov",2013,0.346,0.354,0.326,0.248,0.257,0.306,0.366,0.344,0.342,0.344,0.348,0.351,"CR1000_Mutum_ 20131212.dat",2013-11-24 12:00:00
"2013-11-24",18,"Mutum","Cropland","Nov",2013,0.343,0.352,0.325,0.25,0.257,0.306,0.366,0.344,0.342,0.344,0.349,0.351,"CR1000_Mutum_ 20131212.dat",2013-11-24 18:00:00
"2013-11-25",0,"Mutum","Cropland","Nov",2013,0.341,0.351,0.323,0.252,0.257,0.306,0.366,0.344,0.342,0.344,0.349,0.351,"CR1000_Mutum_ 20131212.dat",2013-11-25 00:00:00
"2013-11-25",6,"Mutum","Cropland","Nov",2013,0.34,0.35,0.322,0.254,0.257,0.306,0.366,0.344,0.342,0.344,0.349,0.351,"CR1000_Mutum_ 20131212.dat",2013-11-25 06:00:00
"2013-11-25",12,"Mutum","Cropland","Nov",2013,0.339,0.349,0.321,0.256,0.257,0.306,0.366,0.343,0.342,0.344,0.349,0.351,"CR1000_Mutum_ 20131212.dat",2013-11-25 12:00:00
"2013-11-25",18,"Mutum","Cropland","Nov",2013,0.353,0.355,0.322,0.257,0.256,0.305,0.366,0.343,0.342,0.344,0.35,0.351,"CR1000_Mutum_ 20131212.dat",2013-11-25 18:00:00
"2013-11-26",0,"Mutum","Cropland","Nov",2013,0.353,0.358,0.328,0.258,0.256,0.305,0.366,0.343,0.341,0.344,0.35,0.351,"CR1000_Mutum_ 20131212.dat",2013-11-26 00:00:00
"2013-11-26",6,"Mutum","Cropland","Nov",2013,0.349,0.357,0.329,0.259,0.256,0.305,0.366,0.343,0.341,0.344,0.35,0.351,"CR1000_Mutum_ 20131212.dat",2013-11-26 06:00:00
"2013-11-26",12,"Mutum","Cropland","Nov",2013,0.346,0.355,0.328,0.261,0.256,0.305,0.366,0.343,0.341,0.344,0.35,0.351,"CR1000_Mutum_ 20131212.dat",2013-11-26 12:00:00
"2013-11-26",18,"Mutum","Cropland","Nov",2013,0.343,0.354,0.327,0.264,0.256,0.305,0.366,0.343,0.341,0.344,0.35,0.351,"CR1000_Mutum_ 20131212.dat",2013-11-26 18:00:00
"2013-11-27",0,"Mutum","Cropland","Nov",2013,0.341,0.352,0.326,0.266,0.256,0.305,0.365,0.343,0.341,0.344,0.351,0.351,"CR1000_Mutum_ 20131212.dat",2013-11-27 00:00:00
"2013-11-27",6,"Mutum","Cropland","Nov",2013,0.34,0.351,0.325,0.268,0.256,0.305,0.365,0.343,0.341,0.344,0.351,0.351,"CR1000_Mutum_ 20131212.dat",2013-11-27 06:00:00
"2013-11-27",12,"Mutum","Cropland","Nov",2013,0.339,0.35,0.323,0.269,0.256,0.305,0.365,0.343,0.341,0.344,0.351,0.352,"CR1000_Mutum_ 20131212.dat",2013-11-27 12:00:00
"2013-11-27",18,"Mutum","Cropland","Nov",2013,0.342,0.349,0.322,0.27,0.256,0.305,0.365,0.343,0.341,0.344,0.351,0.352,"CR1000_Mutum_ 20131212.dat",2013-11-27 18:00:00
"2013-11-28",0,"Mutum","Cropland","Nov",2013,0.349,0.351,0.322,0.27,0.256,0.305,0.365,0.343,0.341,0.344,0.351,0.352,"CR1000_Mutum_ 20131212.dat",2013-11-28 00:00:00
"2013-11-28",6,"Mutum","Cropland","Nov",2013,0.346,0.351,0.323,0.27,0.256,0.304,0.365,0.343,0.341,0.344,0.352,0.352,"CR1000_Mutum_ 20131212.dat",2013-11-28 06:00:00
"2013-11-28",12,"Mutum","Cropland","Nov",2013,0.343,0.351,0.324,0.27,0.256,0.305,0.365,0.343,0.34,0.344,0.352,0.352,"CR1000_Mutum_ 20131212.dat",2013-11-28 12:00:00
"2013-11-28",18,"Mutum","Cropland","Nov",2013,0.341,0.35,0.323,0.271,0.257,0.304,0.365,0.342,0.34,0.344,0.352,0.352,"CR1000_Mutum_ 20131212.dat",2013-11-28 18:00:00
"2013-11-29",0,"Mutum","Cropland","Nov",2013,0.339,0.35,0.322,0.271,0.257,0.304,0.365,0.342,0.34,0.344,0.352,0.352,"CR1000_Mutum_ 20131212.dat",2013-11-29 00:00:00
"2013-11-29",6,"Mutum","Cropland","Nov",2013,0.338,0.349,0.322,0.271,0.257,0.304,0.365,0.342,0.34,0.344,0.352,0.352,"CR1000_Mutum_ 20131212.dat",2013-11-29 06:00:00
"2013-11-29",12,"Mutum","Cropland","Nov",2013,0.337,0.348,0.321,0.271,0.257,0.304,0.365,0.342,0.34,0.344,0.352,0.352,"CR1000_Mutum_ 20131212.dat",2013-11-29 12:00:00
"2013-11-29",18,"Mutum","Cropland","Nov",2013,0.335,0.347,0.32,0.271,0.257,0.304,0.365,0.342,0.34,0.344,0.352,0.352,"CR1000_Mutum_ 20131212.dat",2013-11-29 18:00:00
"2013-11-30",0,"Mutum","Cropland","Nov",2013,0.334,0.346,0.319,0.271,0.258,0.304,0.365,0.342,0.34,0.344,0.353,0.353,"CR1000_Mutum_ 20131212.dat",2013-11-30 00:00:00
"2013-11-30",6,"Mutum","Cropland","Nov",2013,0.336,0.345,0.318,0.271,0.258,0.304,0.365,0.342,0.34,0.344,0.353,0.353,"CR1000_Mutum_ 20131212.dat",2013-11-30 06:00:00
"2013-11-30",12,"Mutum","Cropland","Nov",2013,0.356,0.349,0.319,0.27,0.258,0.304,0.365,0.342,0.34,0.344,0.353,0.353,"CR1000_Mutum_ 20131212.dat",2013-11-30 12:00:00
"2013-11-30",18,"Mutum","Cropland","Nov",2013,0.351,0.354,0.323,0.27,0.258,0.304,0.365,0.342,0.34,0.344,0.353,0.353,"CR1000_Mutum_ 20131212.dat",2013-11-30 18:00:00
"2013-12-1",0,"Mutum","Cropland","Dec",2013,0.347,0.353,0.325,0.27,0.259,0.304,0.365,0.342,0.34,0.344,0.353,0.353,"CR1000_Mutum_ 20131212.dat",2013-12-01 00:00:00
"2013-12-1",6,"Mutum","Cropland","Dec",2013,0.345,0.352,0.325,0.271,0.259,0.304,0.365,0.342,0.34,0.344,0.353,0.353,"CR1000_Mutum_ 20131212.dat",2013-12-01 06:00:00
"2013-12-1",12,"Mutum","Cropland","Dec",2013,0.343,0.351,0.324,0.271,0.259,0.304,0.365,0.342,0.34,0.344,0.353,0.353,"CR1000_Mutum_ 20131212.dat",2013-12-01 12:00:00
"2013-12-1",18,"Mutum","Cropland","Dec",2013,0.346,0.351,0.323,0.272,0.259,0.304,0.365,0.342,0.34,0.344,0.353,0.353,"CR1000_Mutum_ 20131212.dat",2013-12-01 18:00:00
"2013-12-10",0,"Mutum","Cropland","Dec",2013,0.332,0.343,0.314,0.273,0.269,0.31,0.366,0.341,0.337,0.342,0.353,0.356,"CR1000_Mutum_ 20131212.dat",2013-12-10 00:00:00
"2013-12-10",6,"Mutum","Cropland","Dec",2013,0.331,0.342,0.314,0.272,0.269,0.31,0.366,0.341,0.337,0.342,0.353,0.356,"CR1000_Mutum_ 20131212.dat",2013-12-10 06:00:00
"2013-12-10",12,"Mutum","Cropland","Dec",2013,0.33,0.341,0.313,0.271,0.268,0.31,0.366,0.341,0.337,0.342,0.353,0.356,"CR1000_Mutum_ 20131212.dat",2013-12-10 12:00:00
"2013-12-10",18,"Mutum","Cropland","Dec",2013,0.329,0.341,0.313,0.271,0.268,0.31,0.366,0.341,0.337,0.342,0.353,0.356,"CR1000_Mutum_ 20131212.dat",2013-12-10 18:00:00
"2013-12-11",0,"Mutum","Cropland","Dec",2013,0.329,0.34,0.312,0.27,0.268,0.31,0.366,0.341,0.337,0.342,0.353,0.356,"CR1000_Mutum_ 20131212.dat",2013-12-11 00:00:00
"2013-12-11",6,"Mutum","Cropland","Dec",2013,0.328,0.339,0.311,0.27,0.268,0.31,0.366,0.341,0.337,0.342,0.353,0.356,"CR1000_Mutum_ 20131212.dat",2013-12-11 06:00:00
"2013-12-11",12,"Mutum","Cropland","Dec",2013,0.328,0.339,0.311,0.269,0.268,0.31,0.366,0.341,0.337,0.342,0.353,0.356,"CR1000_Mutum_ 20131212.dat",2013-12-11 12:00:00
"2013-12-11",18,"Mutum","Cropland","Dec",2013,0.327,0.338,0.31,0.269,0.267,0.31,0.366,0.341,0.337,0.342,0.353,0.356,"CR1000_Mutum_ 20131212.dat",2013-12-11 18:00:00
"2013-12-12",0,"Mutum","Cropland","Dec",2013,0.326,0.338,0.309,0.268,0.267,0.31,0.366,0.341,0.337,0.342,0.353,0.356,"CR1000_Mutum_ 20131212.dat",2013-12-12 00:00:00
"2013-12-12",6,"Mutum","Cropland","Dec",2013,0.325,0.337,0.309,0.267,0.267,0.31,0.367,0.341,0.337,0.342,0.353,0.356,"CR1000_Mutum_ 20131212.dat",2013-12-12 06:00:00
"2013-12-2",0,"Mutum","Cropland","Dec",2013,0.352,0.355,0.325,0.273,0.26,0.304,0.365,0.342,0.339,0.344,0.353,0.353,"CR1000_Mutum_ 20131212.dat",2013-12-02 00:00:00
"2013-12-2",6,"Mutum","Cropland","Dec",2013,0.348,0.354,0.326,0.273,0.26,0.304,0.365,0.341,0.339,0.344,0.353,0.354,"CR1000_Mutum_ 20131212.dat",2013-12-02 06:00:00
"2013-12-2",12,"Mutum","Cropland","Dec",2013,0.345,0.353,0.326,0.274,0.26,0.304,0.365,0.341,0.339,0.343,0.353,0.354,"CR1000_Mutum_ 20131212.dat",2013-12-02 12:00:00
"2013-12-2",18,"Mutum","Cropland","Dec",2013,0.344,0.352,0.325,0.275,0.26,0.304,0.365,0.341,0.339,0.343,0.353,0.354,"CR1000_Mutum_ 20131212.dat",2013-12-02 18:00:00
"2013-12-3",0,"Mutum","Cropland","Dec",2013,0.342,0.351,0.324,0.275,0.26,0.304,0.365,0.341,0.339,0.343,0.353,0.354,"CR1000_Mutum_ 20131212.dat",2013-12-03 00:00:00
"2013-12-3",6,"Mutum","Cropland","Dec",2013,0.341,0.35,0.323,0.275,0.26,0.304,0.365,0.341,0.339,0.343,0.353,0.354,"CR1000_Mutum_ 20131212.dat",2013-12-03 06:00:00
"2013-12-3",12,"Mutum","Cropland","Dec",2013,0.34,0.349,0.322,0.275,0.261,0.305,0.364,0.341,0.339,0.343,0.353,0.354,"CR1000_Mutum_ 20131212.dat",2013-12-03 12:00:00
"2013-12-3",18,"Mutum","Cropland","Dec",2013,0.352,0.355,0.323,0.275,0.261,0.305,0.364,0.341,0.339,0.343,0.353,0.354,"CR1000_Mutum_ 20131212.dat",2013-12-03 18:00:00
"2013-12-4",0,"Mutum","Cropland","Dec",2013,0.357,0.365,0.342,0.275,0.261,0.305,0.364,0.341,0.339,0.343,0.354,0.354,"CR1000_Mutum_ 20131212.dat",2013-12-04 00:00:00
"2013-12-4",6,"Mutum","Cropland","Dec",2013,0.351,0.36,0.339,0.282,0.262,0.305,0.364,0.341,0.339,0.343,0.354,0.354,"CR1000_Mutum_ 20131212.dat",2013-12-04 06:00:00
"2013-12-4",12,"Mutum","Cropland","Dec",2013,0.348,0.357,0.336,0.289,0.262,0.305,0.364,0.341,0.339,0.343,0.354,0.354,"CR1000_Mutum_ 20131212.dat",2013-12-04 12:00:00
"2013-12-4",18,"Mutum","Cropland","Dec",2013,0.344,0.355,0.333,0.29,0.262,0.305,0.364,0.341,0.339,0.343,0.354,0.354,"CR1000_Mutum_ 20131212.dat",2013-12-04 18:00:00
"2013-12-5",0,"Mutum","Cropland","Dec",2013,0.342,0.353,0.33,0.289,0.262,0.305,0.364,0.341,0.339,0.343,0.354,0.355,"CR1000_Mutum_ 20131212.dat",2013-12-05 00:00:00
"2013-12-5",6,"Mutum","Cropland","Dec",2013,0.34,0.351,0.328,0.288,0.263,0.305,0.364,0.341,0.338,0.343,0.354,0.355,"CR1000_Mutum_ 20131212.dat",2013-12-05 06:00:00
"2013-12-5",12,"Mutum","Cropland","Dec",2013,0.339,0.35,0.326,0.287,0.264,0.305,0.364,0.341,0.338,0.343,0.354,0.355,"CR1000_Mutum_ 20131212.dat",2013-12-05 12:00:00
"2013-12-5",18,"Mutum","Cropland","Dec",2013,0.337,0.349,0.324,0.286,0.265,0.305,0.364,0.341,0.338,0.343,0.354,0.355,"CR1000_Mutum_ 20131212.dat",2013-12-05 18:00:00
"2013-12-6",0,"Mutum","Cropland","Dec",2013,0.335,0.348,0.323,0.284,0.266,0.305,0.364,0.341,0.338,0.343,0.354,0.355,"CR1000_Mutum_ 20131212.dat",2013-12-06 00:00:00
"2013-12-6",6,"Mutum","Cropland","Dec",2013,0.334,0.347,0.321,0.283,0.267,0.305,0.364,0.341,0.338,0.343,0.354,0.355,"CR1000_Mutum_ 20131212.dat",2013-12-06 06:00:00
"2013-12-6",12,"Mutum","Cropland","Dec",2013,0.334,0.346,0.32,0.282,0.268,0.306,0.365,0.341,0.338,0.343,0.354,0.355,"CR1000_Mutum_ 20131212.dat",2013-12-06 12:00:00
"2013-12-6",18,"Mutum","Cropland","Dec",2013,0.333,0.345,0.319,0.281,0.269,0.306,0.365,0.341,0.338,0.343,0.354,0.355,"CR1000_Mutum_ 20131212.dat",2013-12-06 18:00:00
"2013-12-7",0,"Mutum","Cropland","Dec",2013,0.334,0.344,0.318,0.28,0.27,0.306,0.365,0.341,0.338,0.343,0.354,0.355,"CR1000_Mutum_ 20131212.dat",2013-12-07 00:00:00
"2013-12-7",6,"Mutum","Cropland","Dec",2013,0.342,0.346,0.317,0.279,0.27,0.307,0.365,0.341,0.338,0.343,0.354,0.355,"CR1000_Mutum_ 20131212.dat",2013-12-07 06:00:00
"2013-12-7",12,"Mutum","Cropland","Dec",2013,0.342,0.349,0.318,0.278,0.27,0.307,0.365,0.341,0.338,0.343,0.354,0.355,"CR1000_Mutum_ 20131212.dat",2013-12-07 12:00:00
"2013-12-7",18,"Mutum","Cropland","Dec",2013,0.34,0.348,0.319,0.277,0.27,0.307,0.365,0.341,0.338,0.343,0.354,0.355,"CR1000_Mutum_ 20131212.dat",2013-12-07 18:00:00
"2013-12-8",0,"Mutum","Cropland","Dec",2013,0.338,0.348,0.319,0.276,0.27,0.308,0.365,0.341,0.338,0.343,0.354,0.356,"CR1000_Mutum_ 20131212.dat",2013-12-08 00:00:00
"2013-12-8",6,"Mutum","Cropland","Dec",2013,0.337,0.347,0.319,0.276,0.27,0.308,0.365,0.341,0.338,0.343,0.354,0.356,"CR1000_Mutum_ 20131212.dat",2013-12-08 06:00:00
"2013-12-8",12,"Mutum","Cropland","Dec",2013,0.336,0.346,0.318,0.275,0.27,0.309,0.365,0.341,0.338,0.343,0.354,0.356,"CR1000_Mutum_ 20131212.dat",2013-12-08 12:00:00
"2013-12-8",18,"Mutum","Cropland","Dec",2013,0.335,0.345,0.317,0.275,0.27,0.309,0.365,0.341,0.338,0.343,0.354,0.356,"CR1000_Mutum_ 20131212.dat",2013-12-08 18:00:00
"2013-12-9",0,"Mutum","Cropland","Dec",2013,0.337,0.344,0.317,0.274,0.27,0.309,0.365,0.341,0.338,0.343,0.354,0.356,"CR1000_Mutum_ 20131212.dat",2013-12-09 00:00:00
"2013-12-9",6,"Mutum","Cropland","Dec",2013,0.335,0.344,0.316,0.274,0.269,0.31,0.365,0.341,0.338,0.343,0.354,0.356,"CR1000_Mutum_ 20131212.dat",2013-12-09 06:00:00
"2013-12-9",12,"Mutum","Cropland","Dec",2013,0.335,0.344,0.316,0.273,0.269,0.31,0.365,0.341,0.338,0.343,0.354,0.356,"CR1000_Mutum_ 20131212.dat",2013-12-09 12:00:00
"2013-12-9",18,"Mutum","Cropland","Dec",2013,0.333,0.343,0.315,0.273,0.269,0.31,0.365,0.341,0.338,0.342,0.354,0.356,"CR1000_Mutum_ 20131212.dat",2013-12-09 18:00:00
"2014-2-21",12,"Mutum","Cropland","Feb",2014,0.351,0.357,0.333,0.287,0.287,0.323,0.371,0.343,0.335,0.34,0.352,0.357,"CR1000_Mutum_ 20140228.dat",2014-02-21 12:00:00
"2014-2-21",18,"Mutum","Cropland","Feb",2014,0.361,0.367,0.348,0.286,0.286,0.323,0.371,0.344,0.335,0.34,0.352,0.357,"CR1000_Mutum_ 20140228.dat",2014-02-21 18:00:00
"2014-2-22",0,"Mutum","Cropland","Feb",2014,0.364,0.369,0.352,0.291,0.284,0.322,0.372,0.345,0.335,0.339,0.352,0.357,"CR1000_Mutum_ 20140228.dat",2014-02-22 00:00:00
"2014-2-22",6,"Mutum","Cropland","Feb",2014,0.359,0.366,0.351,0.301,0.284,0.322,0.372,0.346,0.335,0.339,0.352,0.357,"CR1000_Mutum_ 20140228.dat",2014-02-22 06:00:00
"2014-2-22",12,"Mutum","Cropland","Feb",2014,0.354,0.362,0.347,0.302,0.284,0.321,0.372,0.348,0.335,0.339,0.352,0.357,"CR1000_Mutum_ 20140228.dat",2014-02-22 12:00:00
"2014-2-22",18,"Mutum","Cropland","Feb",2014,0.352,0.359,0.343,0.3,0.285,0.321,0.371,0.35,0.336,0.34,0.352,0.357,"CR1000_Mutum_ 20140228.dat",2014-02-22 18:00:00
"2014-2-23",0,"Mutum","Cropland","Feb",2014,0.351,0.358,0.34,0.297,0.286,0.321,0.371,0.351,0.336,0.339,0.352,0.357,"CR1000_Mutum_ 20140228.dat",2014-02-23 00:00:00
"2014-2-23",6,"Mutum","Cropland","Feb",2014,0.349,0.357,0.339,0.294,0.287,0.321,0.371,0.352,0.336,0.339,0.352,0.357,"CR1000_Mutum_ 20140228.dat",2014-02-23 06:00:00
"2014-2-23",12,"Mutum","Cropland","Feb",2014,0.347,0.355,0.337,0.292,0.286,0.321,0.371,0.352,0.337,0.34,0.352,0.357,"CR1000_Mutum_ 20140228.dat",2014-02-23 12:00:00
"2014-2-23",18,"Mutum","Cropland","Feb",2014,0.344,0.353,0.334,0.289,0.286,0.321,0.371,0.352,0.339,0.34,0.352,0.357,"CR1000_Mutum_ 20140228.dat",2014-02-23 18:00:00
"2014-2-24",0,"Mutum","Cropland","Feb",2014,0.342,0.352,0.332,0.287,0.285,0.321,0.371,0.352,0.342,0.34,0.352,0.357,"CR1000_Mutum_ 20140228.dat",2014-02-24 00:00:00
"2014-2-24",6,"Mutum","Cropland","Feb",2014,0.341,0.351,0.331,0.285,0.285,0.321,0.371,0.352,0.345,0.34,0.352,0.357,"CR1000_Mutum_ 20140228.dat",2014-02-24 06:00:00
"2014-2-24",12,"Mutum","Cropland","Feb",2014,0.342,0.35,0.329,0.284,0.284,0.321,0.371,0.352,0.346,0.34,0.352,0.357,"CR1000_Mutum_ 20140228.dat",2014-02-24 12:00:00
"2014-2-24",18,"Mutum","Cropland","Feb",2014,0.359,0.355,0.329,0.282,0.283,0.321,0.371,0.352,0.347,0.34,0.352,0.357,"CR1000_Mutum_ 20140228.dat",2014-02-24 18:00:00
"2014-2-25",0,"Mutum","Cropland","Feb",2014,0.358,0.362,0.336,0.28,0.282,0.321,0.371,0.352,0.348,0.34,0.352,0.357,"CR1000_Mutum_ 20140228.dat",2014-02-25 00:00:00
"2014-2-25",6,"Mutum","Cropland","Feb",2014,0.355,0.36,0.338,0.28,0.281,0.32,0.371,0.352,0.348,0.341,0.352,0.357,"CR1000_Mutum_ 20140228.dat",2014-02-25 06:00:00
"2014-2-25",12,"Mutum","Cropland","Feb",2014,0.352,0.359,0.337,0.281,0.281,0.32,0.371,0.352,0.348,0.342,0.352,0.357,"CR1000_Mutum_ 20140228.dat",2014-02-25 12:00:00
"2014-2-25",18,"Mutum","Cropland","Feb",2014,0.347,0.356,0.335,0.282,0.28,0.32,0.371,0.352,0.348,0.343,0.353,0.357,"CR1000_Mutum_ 20140228.dat",2014-02-25 18:00:00
"2014-2-26",0,"Mutum","Cropland","Feb",2014,0.344,0.354,0.333,0.281,0.279,0.319,0.371,0.352,0.348,0.344,0.353,0.357,"CR1000_Mutum_ 20140228.dat",2014-02-26 00:00:00
"2014-2-26",6,"Mutum","Cropland","Feb",2014,0.343,0.353,0.332,0.281,0.279,0.319,0.371,0.351,0.348,0.346,0.353,0.357,"CR1000_Mutum_ 20140228.dat",2014-02-26 06:00:00
"2014-2-26",12,"Mutum","Cropland","Feb",2014,0.341,0.351,0.33,0.28,0.278,0.319,0.371,0.351,0.348,0.347,0.353,0.357,"CR1000_Mutum_ 20140228.dat",2014-02-26 12:00:00
"2014-2-26",18,"Mutum","Cropland","Feb",2014,0.336,0.347,0.327,0.279,0.278,0.318,0.37,0.351,0.348,0.348,0.353,0.357,"CR1000_Mutum_ 20140228.dat",2014-02-26 18:00:00
"2014-2-27",0,"Mutum","Cropland","Feb",2014,0.335,0.346,0.325,0.278,0.278,0.318,0.37,0.351,0.347,0.349,0.353,0.357,"CR1000_Mutum_ 20140228.dat",2014-02-27 00:00:00
"2014-2-27",6,"Mutum","Cropland","Feb",2014,0.334,0.345,0.325,0.277,0.277,0.317,0.37,0.351,0.347,0.35,0.354,0.357,"CR1000_Mutum_ 20140228.dat",2014-02-27 06:00:00
"2014-2-27",12,"Mutum","Cropland","Feb",2014,0.333,0.344,0.323,0.276,0.277,0.317,0.37,0.351,0.347,0.35,0.354,0.357,"CR1000_Mutum_ 20140228.dat",2014-02-27 12:00:00
"2014-2-27",18,"Mutum","Cropland","Feb",2014,0.329,0.341,0.32,0.274,0.276,0.317,0.37,0.351,0.347,0.35,0.355,0.357,"CR1000_Mutum_ 20140228.dat",2014-02-27 18:00:00
"2014-2-28",0,"Mutum","Cropland","Feb",2014,0.329,0.34,0.319,0.273,0.276,0.317,0.37,0.351,0.347,0.35,0.356,0.357,"CR1000_Mutum_ 20140228.dat",2014-02-28 00:00:00
"2014-2-28",6,"Mutum","Cropland","Feb",2014,0.335,0.34,0.319,0.272,0.276,0.316,0.37,0.35,0.347,0.35,0.357,0.357,"CR1000_Mutum_ 20140228.dat",2014-02-28 06:00:00
"2015-1-16",12,"Mutum","Cropland","Jan",2015,0.318,0.319,0.293,0.25,0.263,0.305,0.364,0.345,0.338,0.343,0.356,0.361,"CR1000_Mutum_ 20150127.dat",2015-01-16 12:00:00
"2015-1-16",18,"Mutum","Cropland","Jan",2015,0.317,0.319,0.293,0.25,0.263,0.305,0.364,0.345,0.338,0.343,0.356,0.361,"CR1000_Mutum_ 20150127.dat",2015-01-16 18:00:00
"2015-1-17",0,"Mutum","Cropland","Jan",2015,0.315,0.319,0.293,0.25,0.262,0.305,0.364,0.345,0.338,0.343,0.356,0.361,"CR1000_Mutum_ 20150127.dat",2015-01-17 00:00:00
"2015-1-17",6,"Mutum","Cropland","Jan",2015,0.314,0.319,0.293,0.25,0.262,0.305,0.364,0.345,0.338,0.343,0.356,0.361,"CR1000_Mutum_ 20150127.dat",2015-01-17 06:00:00
"2015-1-17",12,"Mutum","Cropland","Jan",2015,0.314,0.319,0.293,0.25,0.262,0.304,0.364,0.345,0.338,0.343,0.356,0.36,"CR1000_Mutum_ 20150127.dat",2015-01-17 12:00:00
"2015-1-17",18,"Mutum","Cropland","Jan",2015,0.312,0.318,0.293,0.249,0.262,0.304,0.364,0.345,0.338,0.343,0.356,0.36,"CR1000_Mutum_ 20150127.dat",2015-01-17 18:00:00
"2015-1-18",0,"Mutum","Cropland","Jan",2015,0.311,0.318,0.293,0.249,0.262,0.304,0.364,0.344,0.338,0.343,0.356,0.36,"CR1000_Mutum_ 20150127.dat",2015-01-18 00:00:00
"2015-1-18",6,"Mutum","Cropland","Jan",2015,0.311,0.318,0.293,0.249,0.262,0.304,0.364,0.344,0.338,0.343,0.356,0.36,"CR1000_Mutum_ 20150127.dat",2015-01-18 06:00:00
"2015-1-18",12,"Mutum","Cropland","Jan",2015,0.31,0.318,0.293,0.249,0.262,0.304,0.364,0.344,0.338,0.343,0.356,0.36,"CR1000_Mutum_ 20150127.dat",2015-01-18 12:00:00
"2015-1-18",18,"Mutum","Cropland","Jan",2015,0.34,0.336,0.292,0.248,0.262,0.304,0.364,0.344,0.338,0.343,0.356,0.36,"CR1000_Mutum_ 20150127.dat",2015-01-18 18:00:00
"2015-1-19",0,"Mutum","Cropland","Jan",2015,0.35,0.352,0.303,0.248,0.262,0.304,0.364,0.344,0.337,0.343,0.356,0.36,"CR1000_Mutum_ 20150127.dat",2015-01-19 00:00:00
"2015-1-19",6,"Mutum","Cropland","Jan",2015,0.345,0.349,0.312,0.248,0.262,0.304,0.364,0.344,0.338,0.342,0.356,0.36,"CR1000_Mutum_ 20150127.dat",2015-01-19 06:00:00
"2015-1-19",12,"Mutum","Cropland","Jan",2015,0.342,0.348,0.314,0.248,0.262,0.304,0.364,0.344,0.338,0.342,0.356,0.36,"CR1000_Mutum_ 20150127.dat",2015-01-19 12:00:00
"2015-1-19",18,"Mutum","Cropland","Jan",2015,0.349,0.348,0.315,0.248,0.261,0.304,0.363,0.344,0.337,0.342,0.356,0.36,"CR1000_Mutum_ 20150127.dat",2015-01-19 18:00:00
"2015-1-20",0,"Mutum","Cropland","Jan",2015,0.345,0.349,0.317,0.248,0.262,0.304,0.363,0.344,0.337,0.342,0.356,0.36,"CR1000_Mutum_ 20150127.dat",2015-01-20 00:00:00
"2015-1-20",6,"Mutum","Cropland","Jan",2015,0.343,0.348,0.318,0.249,0.261,0.304,0.363,0.344,0.337,0.342,0.356,0.36,"CR1000_Mutum_ 20150127.dat",2015-01-20 06:00:00
"2015-1-20",12,"Mutum","Cropland","Jan",2015,0.34,0.347,0.318,0.249,0.261,0.304,0.363,0.344,0.337,0.342,0.356,0.36,"CR1000_Mutum_ 20150127.dat",2015-01-20 12:00:00
"2015-1-20",18,"Mutum","Cropland","Jan",2015,0.337,0.346,0.318,0.249,0.261,0.304,0.363,0.344,0.337,0.342,0.356,0.36,"CR1000_Mutum_ 20150127.dat",2015-01-20 18:00:00
"2015-1-21",0,"Mutum","Cropland","Jan",2015,0.334,0.345,0.317,0.249,0.261,0.303,0.363,0.344,0.337,0.342,0.356,0.36,"CR1000_Mutum_ 20150127.dat",2015-01-21 00:00:00
"2015-1-21",6,"Mutum","Cropland","Jan",2015,0.333,0.343,0.317,0.25,0.261,0.303,0.363,0.344,0.337,0.342,0.355,0.36,"CR1000_Mutum_ 20150127.dat",2015-01-21 06:00:00
"2015-1-21",12,"Mutum","Cropland","Jan",2015,0.331,0.343,0.316,0.25,0.261,0.303,0.363,0.344,0.337,0.342,0.355,0.36,"CR1000_Mutum_ 20150127.dat",2015-01-21 12:00:00
"2015-1-21",18,"Mutum","Cropland","Jan",2015,0.361,0.365,0.333,0.251,0.261,0.303,0.363,0.344,0.337,0.342,0.355,0.36,"CR1000_Mutum_ 20150127.dat",2015-01-21 18:00:00
"2015-1-22",0,"Mutum","Cropland","Jan",2015,0.351,0.359,0.339,0.252,0.261,0.303,0.363,0.344,0.337,0.342,0.355,0.36,"CR1000_Mutum_ 20150127.dat",2015-01-22 00:00:00
"2015-1-22",6,"Mutum","Cropland","Jan",2015,0.347,0.356,0.336,0.253,0.261,0.303,0.363,0.344,0.337,0.342,0.355,0.36,"CR1000_Mutum_ 20150127.dat",2015-01-22 06:00:00
"2015-1-22",12,"Mutum","Cropland","Jan",2015,0.344,0.354,0.334,0.257,0.26,0.303,0.363,0.344,0.337,0.342,0.355,0.36,"CR1000_Mutum_ 20150127.dat",2015-01-22 12:00:00
"2015-1-22",18,"Mutum","Cropland","Jan",2015,0.34,0.351,0.332,0.262,0.26,0.303,0.363,0.344,0.337,0.342,0.355,0.36,"CR1000_Mutum_ 20150127.dat",2015-01-22 18:00:00
"2015-1-23",0,"Mutum","Cropland","Jan",2015,0.337,0.349,0.33,0.266,0.26,0.303,0.363,0.344,0.337,0.342,0.355,0.359,"CR1000_Mutum_ 20150127.dat",2015-01-23 00:00:00
"2015-1-23",6,"Mutum","Cropland","Jan",2015,0.336,0.348,0.329,0.269,0.26,0.303,0.363,0.344,0.336,0.342,0.355,0.359,"CR1000_Mutum_ 20150127.dat",2015-01-23 06:00:00
"2015-1-23",12,"Mutum","Cropland","Jan",2015,0.334,0.347,0.327,0.27,0.26,0.303,0.363,0.344,0.337,0.341,0.355,0.359,"CR1000_Mutum_ 20150127.dat",2015-01-23 12:00:00
"2015-1-23",18,"Mutum","Cropland","Jan",2015,0.331,0.345,0.325,0.271,0.26,0.303,0.363,0.344,0.336,0.341,0.355,0.359,"CR1000_Mutum_ 20150127.dat",2015-01-23 18:00:00
"2015-1-24",0,"Mutum","Cropland","Jan",2015,0.33,0.344,0.324,0.271,0.26,0.303,0.363,0.343,0.336,0.341,0.355,0.359,"CR1000_Mutum_ 20150127.dat",2015-01-24 00:00:00
"2015-1-24",6,"Mutum","Cropland","Jan",2015,0.329,0.343,0.323,0.271,0.26,0.303,0.363,0.343,0.336,0.341,0.355,0.359,"CR1000_Mutum_ 20150127.dat",2015-01-24 06:00:00
"2015-1-24",12,"Mutum","Cropland","Jan",2015,0.328,0.342,0.321,0.271,0.26,0.302,0.363,0.343,0.336,0.341,0.355,0.359,"CR1000_Mutum_ 20150127.dat",2015-01-24 12:00:00
"2015-1-24",18,"Mutum","Cropland","Jan",2015,0.336,0.341,0.32,0.271,0.26,0.302,0.363,0.343,0.336,0.341,0.355,0.359,"CR1000_Mutum_ 20150127.dat",2015-01-24 18:00:00
"2015-1-25",0,"Mutum","Cropland","Jan",2015,0.346,0.343,0.32,0.27,0.261,0.302,0.363,0.343,0.336,0.341,0.355,0.359,"CR1000_Mutum_ 20150127.dat",2015-01-25 00:00:00
"2015-1-25",6,"Mutum","Cropland","Jan",2015,0.346,0.346,0.321,0.27,0.261,0.302,0.363,0.343,0.336,0.341,0.355,0.359,"CR1000_Mutum_ 20150127.dat",2015-01-25 06:00:00
"2015-1-25",12,"Mutum","Cropland","Jan",2015,0.344,0.348,0.323,0.27,0.26,0.302,0.363,0.343,0.336,0.341,0.354,0.359,"CR1000_Mutum_ 20150127.dat",2015-01-25 12:00:00
"2015-1-25",18,"Mutum","Cropland","Jan",2015,0.342,0.348,0.324,0.27,0.261,0.302,0.363,0.343,0.336,0.341,0.354,0.359,"CR1000_Mutum_ 20150127.dat",2015-01-25 18:00:00
"2015-1-26",0,"Mutum","Cropland","Jan",2015,0.34,0.347,0.324,0.27,0.261,0.302,0.363,0.343,0.336,0.341,0.354,0.359,"CR1000_Mutum_ 20150127.dat",2015-01-26 00:00:00
"2015-1-26",6,"Mutum","Cropland","Jan",2015,0.339,0.347,0.324,0.27,0.261,0.302,0.363,0.343,0.336,0.341,0.354,0.359,"CR1000_Mutum_ 20150127.dat",2015-01-26 06:00:00
"2015-1-26",12,"Mutum","Cropland","Jan",2015,0.338,0.346,0.323,0.271,0.261,0.302,0.363,0.343,0.336,0.341,0.354,0.359,"CR1000_Mutum_ 20150127.dat",2015-01-26 12:00:00
"2015-1-26",18,"Mutum","Cropland","Jan",2015,0.335,0.345,0.323,0.271,0.261,0.302,0.362,0.343,0.336,0.341,0.354,0.359,"CR1000_Mutum_ 20150127.dat",2015-01-26 18:00:00
"2015-1-27",0,"Mutum","Cropland","Jan",2015,0.335,0.344,0.322,0.271,0.262,0.302,0.362,0.343,0.336,0.341,0.354,0.359,"CR1000_Mutum_ 20150127.dat",2015-01-27 00:00:00
"2015-1-27",6,"Mutum","Cropland","Jan",2015,0.334,0.344,0.321,0.271,0.262,0.302,0.362,0.343,0.336,0.341,0.354,0.359,"CR1000_Mutum_ 20150127.dat",2015-01-27 06:00:00
"2015-1-27",12,"Mutum","Cropland","Jan",2015,0.332,0.343,0.321,0.271,0.262,0.302,0.362,0.343,0.336,0.341,0.354,0.359,"CR1000_Mutum_ 20150127.dat",2015-01-27 12:00:00
